date,equity,cash,positions,regime_on,returns
2010-01-04,19860.83617361069,28.070895748140174,4,True,
2010-01-08,21043.678329067232,28.070895748140174,4,True,0.05955651338729617
2010-01-15,20558.48842884541,3.3647916460058696,4,True,-0.023056325640163355
2010-01-22,19362.598516983988,57.476422352793634,4,True,-0.05817012841194491
2010-01-29,19699.59616789818,1.0303481578854985,5,True,0.01740456739928753
2010-02-05,18945.655670499804,1.0303481578854985,5,True,-0.03827187577717828
2010-02-12,18361.507884497645,16.144211287502003,4,True,-0.0308328091759702
2010-02-19,19152.885757197742,1.1772247451579112,5,True,0.04309983023606945
2010-02-26,18285.51000260294,1.1772247451579112,5,True,-0.04528694869225325
2010-03-05,19254.5088394779,1.1772247451579112,5,True,0.052992715912054233
2010-03-12,19527.904155482654,1.1772247451579112,5,True,0.014199028304695327
2010-03-19,19639.420182933216,1.1772247451579112,5,True,0.005710598872396222
2010-03-26,21018.562145699863,1.1772247451579112,5,True,0.07022315067962803
2010-04-06,21708.17270265997,1.1772247451579112,5,True,0.03280959716367615
2010-04-09,21705.030760746005,-3.952323932644175,4,True,-0.0001447354393665501
2010-04-16,21509.94504735947,-3.952323932644175,4,True,-0.008988041322629758
2010-04-23,23301.287063579563,-3.952323932644175,4,True,0.08327971142074087
2010-04-30,23067.242886524204,-3.952323932644175,4,True,-0.010044259633244734
2010-05-07,19873.208044214254,13360.208044214252,1,False,-0.13846625962289982
2010-05-14,20528.40993181706,4.2874523782782035,4,True,0.03296910524687813
2010-05-21,19364.33310337544,31.843201832776458,4,True,-0.05670564998984218
2010-05-28,20044.393350796705,31.843201832776458,4,True,0.03511921860622835
2010-06-04,20286.31796665669,31.843201832776458,4,True,0.012069440647370255
2010-06-11,20766.62358593822,1.828626631503493,5,True,0.023676332988124216
2010-06-18,20604.368413685566,1.828626631503493,5,True,-0.007813266878999192
2010-06-25,20574.0154259193,1.828626631503493,5,True,-0.0014731336169521159
2010-07-02,20269.622063196904,6937.525499857669,4,False,-0.014795039102523444
2010-07-09,19945.924304016833,1218.1204998576695,5,True,-0.015969600132199946
2010-07-16,20231.704316862826,1218.1204998576695,5,True,0.014327739767288739
2010-07-23,20404.429926403765,1218.1204998576695,5,True,0.008537373166183304
2010-07-30,21299.089722403292,1218.1204998576695,5,True,0.04384635097508016
2010-08-06,21074.33574462772,1218.1204998576695,5,True,-0.010552280905186673
2010-08-13,21019.190012940173,1218.1204998576695,5,True,-0.0026167245485592128
2010-08-20,20774.15100289226,1218.1204998576695,5,True,-0.011657871207075954
2010-08-27,20143.449131841666,13015.544222707755,2,False,-0.030359934851864057
2010-09-03,20153.348447823533,1.8086910486297256,5,True,0.000491440960139089
2010-09-10,20582.038715863237,1.8086910486297256,5,True,0.021271416467073534
2010-09-17,21632.728648686418,1.8086910486297256,5,True,0.051048875542799355
2010-09-24,22399.568565392503,1.8086910486297256,5,True,0.0354481364399053
2010-10-01,22823.593490624437,1.8086910486297256,5,True,0.0189300487638433
2010-10-08,22651.883957409867,1.8086910486297256,5,True,-0.007523334714364949
2010-10-15,22554.49369623662,1.8086910486297256,5,True,-0.004299433166634725
2010-10-22,22343.6635742426,1.8086910486297256,5,True,-0.009347588326897194
2010-10-29,22629.76502558709,38.49006125451069,5,True,0.012804590007983396
2010-11-05,22649.509868116387,38.49006125451069,5,True,0.0008725164625869031
2010-11-12,21895.898901233682,874.1390163993938,5,True,-0.03327272736897324
2010-11-19,23069.90387655259,874.1390163993938,5,True,0.05361757380295362
2010-11-26,23909.979019413004,874.1390163993938,5,True,0.03641433216868473
2010-12-03,24671.868795642862,874.1390163993938,5,True,0.031864928681504257
2010-12-10,25703.98923040391,874.1390163993938,5,True,0.04183389767958401
2010-12-17,26032.65871263505,874.1390163993938,5,True,0.01278671101536144
2010-12-27,26518.329239139566,874.1390163993938,5,True,0.018656201499265057
2011-01-03,26502.88883710862,874.1390163993938,5,True,-0.0005822539531696869
2011-01-07,26204.66928888322,874.1390163993938,5,True,-0.011252341209228578
2011-01-14,26259.138890514383,874.1390163993938,5,True,0.002078621982620099
2011-01-21,25563.179226169595,874.1390163993938,5,True,-0.02650352196416428
2011-01-28,26629.169140110025,874.1390163993938,5,True,0.041700208902387015
2011-02-04,25987.35867620469,874.1390163993938,5,True,-0.024101783293666967
2011-02-11,25771.489135990152,874.1390163993938,5,True,-0.008306713387236209
2011-02-18,25833.41909051896,874.1390163993938,5,True,0.002403041368778336
2011-02-25,24927.69884706498,874.1390163993938,5,True,-0.03506002206987713
2011-03-04,25487.07935739518,874.1390163993938,5,True,0.022440118270125042
2011-03-11,25549.708876857767,874.1390163993938,5,True,0.0024573046830653755
2011-03-18,24665.122757848512,0.1966120565048186,5,True,-0.03462216040396804
2011-03-25,26263.247263845216,0.1966120565048186,5,True,0.06479288676915984
2011-04-01,27180.56161230446,0.1966120565048186,5,True,0.0349276819901112
2011-04-08,28658.61706679703,0.1966120565048186,5,True,0.05437913592717902
2011-04-15,28928.071380075227,0.1966120565048186,5,True,0.009402209208146939
2011-04-26,29648.57679265381,0.1966120565048186,5,True,0.024906790470478724
2011-04-29,29470.83177250267,0.1966120565048186,5,True,-0.005995060788050344
2011-05-06,28840.230418857347,0.1966120565048186,5,True,-0.021397473899386066
2011-05-13,28994.766375716936,0.1966120565048186,5,True,0.005358346816762838
2011-05-20,28932.174013789903,0.1966120565048186,5,True,-0.0021587468964555656
2011-05-27,28498.317178424608,0.1966120565048186,5,True,-0.014995652769076662
2011-06-03,28423.04150741936,0.1966120565048186,5,True,-0.002641407579751398
2011-06-10,27938.286545213472,0.1966120565048186,5,True,-0.017054999623434042
2011-06-17,28677.53680246712,0.1966120565048186,5,True,0.026460114368763943
2011-06-24,29259.687036255607,69.50703404308479,5,True,0.020299868771797902
2011-07-01,29774.977245072136,69.50703404308479,5,True,0.017610926876218347
2011-07-08,30255.807281235466,69.50703404308479,5,True,0.01614879609162112
2011-07-15,29946.77705548168,69.50703404308479,5,True,-0.010213914402655622
2011-07-22,29997.216920593986,69.50703404308479,5,True,0.0016843169807172487
2011-07-29,29763.364280327572,67.3742366874344,5,True,-0.0077958112209358665
2011-08-05,25438.748093799368,25438.748093799368,0,False,-0.14529997838270614
2011-08-12,25438.748093799368,25438.748093799368,0,False,0.0
2011-08-19,25438.748093799368,25438.748093799368,0,False,0.0
2011-08-26,25438.748093799368,25438.748093799368,0,False,0.0
2011-09-02,25438.748093799368,25438.748093799368,0,False,0.0
2011-09-09,25438.748093799368,25438.748093799368,0,False,0.0
2011-09-16,25438.748093799368,25438.748093799368,0,False,0.0
2011-09-23,25438.748093799368,25438.748093799368,0,False,0.0
2011-09-30,25438.748093799368,25438.748093799368,0,False,0.0
2011-10-07,25438.748093799368,25438.748093799368,0,False,0.0
2011-10-14,25438.748093799368,25438.748093799368,0,False,0.0
2011-10-21,25438.748093799368,25438.748093799368,0,False,0.0
2011-10-28,25438.748093799368,25438.748093799368,0,False,0.0
2011-11-04,25438.748093799368,25438.748093799368,0,False,0.0
2011-11-11,25438.748093799368,25438.748093799368,0,False,0.0
2011-11-18,25438.748093799368,25438.748093799368,0,False,0.0
2011-11-25,25438.748093799368,25438.748093799368,0,False,0.0
2011-12-02,25438.748093799368,25438.748093799368,0,False,0.0
2011-12-09,25438.748093799368,25438.748093799368,0,False,0.0
2011-12-16,25438.748093799368,25438.748093799368,0,False,0.0
2011-12-23,25438.748093799368,25438.748093799368,0,False,0.0
2011-12-30,25438.748093799368,25438.748093799368,0,False,0.0
2012-01-06,25438.748093799368,25438.748093799368,0,False,0.0
2012-01-13,25438.748093799368,25438.748093799368,0,False,0.0
2012-01-20,25438.748093799368,25438.748093799368,0,False,0.0
2012-01-27,25438.748093799368,25438.748093799368,0,False,0.0
2012-02-03,25438.748093799368,25438.748093799368,0,False,0.0
2012-02-10,25438.748093799368,25438.748093799368,0,False,0.0
2012-02-17,25438.748093799368,25438.748093799368,0,False,0.0
2012-02-24,25438.748093799368,25438.748093799368,0,False,0.0
2012-03-02,25438.748093799368,25438.748093799368,0,False,0.0
2012-03-09,25438.748093799368,25438.748093799368,0,False,0.0
2012-03-16,25438.748093799368,25438.748093799368,0,False,0.0
2012-03-23,25438.748093799368,25438.748093799368,0,False,0.0
2012-03-30,25438.748093799368,25438.748093799368,0,False,0.0
2012-04-10,25438.748093799368,25438.748093799368,0,False,0.0
2012-04-13,25438.748093799368,25438.748093799368,0,False,0.0
2012-04-20,25438.748093799368,25438.748093799368,0,False,0.0
2012-04-27,25438.748093799368,25438.748093799368,0,False,0.0
2012-05-04,25438.748093799368,25438.748093799368,0,False,0.0
2012-05-11,25438.748093799368,25438.748093799368,0,False,0.0
2012-05-18,25438.748093799368,25438.748093799368,0,False,0.0
2012-05-25,25272.463092216272,15.462775596400206,4,True,-0.006536681796209476
2012-06-01,24209.39154121997,17530.191330648682,1,False,-0.042064421940880004
2012-06-08,24264.591225363038,17530.191330648682,1,False,0.0022800938242946156
2012-06-15,24083.609225889464,24083.609225889464,0,False,-0.007458687343737225
2012-06-22,23914.060312563204,4.277647310518816,5,True,-0.007040012638305004
2012-06-29,24155.412975603365,4.277647310518816,5,True,0.010092500390382009
2012-07-06,24834.325933748507,4.277647310518816,5,True,0.028106038130287114
2012-07-13,24829.24912863376,4.277647310518816,5,True,-0.00020442693424771452
2012-07-20,25330.86196547153,4.277647310518816,5,True,0.020202497233768435
2012-07-27,25530.379043871188,4.277647310518816,5,True,0.007876442525786231
2012-08-03,24978.681360536837,4.277647310518816,5,True,-0.02160945916182122
2012-08-10,25029.39173727634,4.277647310518816,5,True,0.002030146267833821
2012-08-17,24300.099768272663,1.1914735949276292,5,True,-0.02913742278113529
2012-08-24,23974.89978947284,64.7717224562405,4,True,-0.013382660231889942
2012-08-31,23013.84752924564,0.5619915259121626,4,True,-0.040085767559670527
2012-09-07,23508.99041254642,0.5619915259121626,4,True,0.0215149979885616
2012-09-14,23938.275950266147,0.5619915259121626,4,True,0.01826048376329359
2012-09-21,23883.876185251498,0.5619915259121626,4,True,-0.0022725013751060397
2012-09-28,24102.6761272681,0.5619915259121626,4,True,0.009160989628296257
2012-10-05,25422.647929025912,0.5619915259121626,4,True,0.054764532983309966
2012-10-12,25519.1331585181,0.5619915259121626,4,True,0.003795247047496897
2012-10-19,25488.853201757694,7.821062933232497,4,True,-0.001186558985852515
2012-10-26,25960.847540746952,7.821062933232497,4,True,0.01851767654092451
2012-11-02,26159.332766424443,7.821062933232497,4,True,0.007645560314082811
2012-11-09,25620.313399206425,7.821062933232497,4,True,-0.02060524142687037
2012-11-16,24783.076670538212,7.821062933232497,4,True,-0.0326786294774265
2012-11-23,25807.420485388066,7.821062933232497,4,True,0.041332390988709555
2012-11-30,26033.66574753406,7.821062933232497,4,True,0.008766674773796002
2012-12-07,26666.38878525379,7.821062933232497,4,True,0.02430403170478046
2012-12-14,26619.97058273914,5.806154028204219,4,True,-0.0017407007333635205
2012-12-21,27204.455899969365,5.806154028204219,4,True,0.021956647751114167
2012-12-28,26983.745507971074,5.806154028204219,4,True,-0.008113023572676514
2013-01-04,27525.083509222295,5.806154028204219,4,True,0.020061633070594498
2013-01-11,28868.674970403936,5.806154028204219,4,True,0.048813347313968025
2013-01-18,29279.960458532598,5.806154028204219,4,True,0.014246774005052476
2013-01-25,29678.17463089588,5.806154028204219,4,True,0.013600229171321754
2013-02-01,29583.70601822498,5.806154028204219,4,True,-0.003183100505532943
2013-02-08,30016.865957037237,5.806154028204219,4,True,0.014641841645715692
2013-02-15,29927.996957556035,5.806154028204219,4,True,-0.002960635517658572
2013-02-22,29872.220700994756,5.806154028204219,4,True,-0.0018636815768319215
2013-03-01,29529.11833740833,5.806154028204219,4,True,-0.011485666466537592
2013-03-08,31542.49661804798,5.806154028204219,4,True,0.06818281052736497
2013-03-15,31767.789617315557,5.806154028204219,4,True,0.0071425227367281074
2013-03-22,31246.645604864385,5.806154028204219,4,True,-0.016404792990920347
2013-04-02,31725.11567474964,5.806154028204219,4,True,0.015312685909900203
2013-04-05,31253.786176458623,5.806154028204219,4,True,-0.01485666760440374
2013-04-12,32905.362226263314,5.806154028204219,4,True,0.0528440311352969
2013-04-19,32996.7404573119,5.806154028204219,4,True,0.0027770012200518668
2013-04-26,34362.98816467884,5.806154028204219,4,True,0.041405535469009935
2013-05-03,35235.29580856922,5.806154028204219,4,True,0.025385092812941545
2013-05-10,37209.523721472055,5.806154028204219,4,True,0.05602983791107263
2013-05-17,37259.16013504627,5.806154028204219,4,True,0.0013339706776622773
2013-05-24,35899.84626175526,5.806154028204219,4,True,-0.03648267616243006
2013-05-31,36350.29241730335,5.806154028204219,4,True,0.012547300405237882
2013-06-07,37104.73578430775,5.806154028204219,4,True,0.020754808746607623
2013-06-14,36509.64432312611,5.806154028204219,4,True,-0.016038153852946047
2013-06-21,36184.53723694447,5.806154028204219,4,True,-0.008904690588171782
2013-06-28,36038.9717614806,5.806154028204219,4,True,-0.004022864090002631
2013-07-05,37218.30259110096,5.806154028204219,4,True,0.0327237646352847
2013-07-12,37636.51204086903,5.806154028204219,4,True,0.0112366610149508
2013-07-19,39063.82651688221,5.806154028204219,4,True,0.03792366504269262
2013-07-26,40238.8163430846,5.806154028204219,4,True,0.030078718112640512
2013-08-02,41947.91119553211,5.806154028204219,4,True,0.04247378545818559
2013-08-09,44259.207856909066,5.806154028204219,4,True,0.05509920745763219
2013-08-16,44990.35456253651,5.806154028204219,4,True,0.01651965186524018
2013-08-23,45110.018281713754,5.806154028204219,4,True,0.0026597638614052066
2013-08-30,43181.0380265868,5.806154028204219,4,True,-0.042761681963425446
2013-09-06,43052.92754913929,5.806154028204219,4,True,-0.0029668225522654357
2013-09-13,44015.259710089,5.806154028204219,4,True,0.022352304842715442
2013-09-20,45204.465768591195,5.806154028204219,4,True,0.027018040250927244
2013-09-27,45994.13627030018,5.806154028204219,4,True,0.01746886039426787
2013-10-04,48488.33893753651,5.806154028204219,4,True,0.05422870977679195
2013-10-11,47499.99853684071,5.806154028204219,4,True,-0.0203830533763798
2013-10-18,48703.650750891,5.806154028204219,4,True,0.02534004739214346
2013-10-25,48598.99235703114,5.806154028204219,4,True,-0.0021488819061052933
2013-11-01,48315.775522009164,5.806154028204219,4,True,-0.00582762771996026
2013-11-08,48050.65135361317,5.806154028204219,4,True,-0.005487320973979304
2013-11-15,47850.002656713754,5.806154028204219,4,True,-0.004175774755326489
2013-11-22,47770.446626440316,5.806154028204219,4,True,-0.001662612870561131
2013-11-29,49360.65341354969,5.806154028204219,4,True,0.03328850574801234
2013-12-06,48636.21210648182,5.806154028204219,4,True,-0.01467649346126787
2013-12-13,47706.10768295887,5.806154028204219,4,True,-0.019123701933995707
2013-12-20,48263.142511144906,5.806154028204219,4,True,0.011676383910587118
2013-12-27,49045.96728684071,5.806154028204219,4,True,0.016219929639165853
2014-01-03,50175.01568009022,5.806154028204219,4,True,0.02302020850453168
2014-01-10,49618.39151169422,5.806154028204219,4,True,-0.011093652106557661
2014-01-17,50304.5982988036,5.806154028204219,4,True,0.013829686255501628
2014-01-24,50188.06141068104,5.806154028204219,4,True,-0.002316624962003355
2014-01-31,50100.894316808015,2.65381063583591,5,True,-0.0017368093411648244
2014-02-07,52561.95250238541,2.65381063583591,5,True,0.04912204101617701
2014-02-14,54605.91756738785,2.65381063583591,5,True,0.038886779651301495
2014-02-21,55633.47372259262,2.65381063583591,5,True,0.018817670336492176
2014-02-28,56044.242426053315,2.65381063583591,5,True,0.0073834811306034975
2014-03-07,54624.62666238907,2.65381063583591,5,True,-0.025330269483744616
2014-03-14,50353.465505467684,24.12925897720197,5,True,-0.07819112766334435
2014-03-21,51728.21363149765,24.12925897720197,5,True,0.027301956523343662
2014-03-28,52650.48068510178,24.12925897720197,5,True,0.017829091492974847
2014-04-04,53509.57867323044,24.12925897720197,5,True,0.016317001800360664
2014-04-11,50551.21304117325,24.12925897720197,5,True,-0.05528665531312038
2014-04-22,51741.40001474503,24.12925897720197,5,True,0.023544182265268
2014-04-25,50147.34141098145,24.12925897720197,5,True,-0.03080818461250201
2014-05-02,52532.40453754547,24.12925897720197,5,True,0.047561108115728334
2014-05-09,51510.8651638234,133.64269067886562,5,True,-0.019445890259829346
2014-05-16,51354.32848443631,6.71106805447053,5,True,-0.003038906042235001
2014-05-23,52283.494671722685,6.71106805447053,5,True,0.018093239941166184
2014-05-30,53816.4513310397,6.71106805447053,5,True,0.029320087896613112
2014-06-06,55796.15094461087,6.71106805447053,5,True,0.03678614186939777
2014-06-13,54558.20948495511,6.71106805447053,5,True,-0.022186861256517032
2014-06-20,54478.111410995756,6.71106805447053,5,True,-0.0014681213829320638
2014-06-27,53509.06006135586,6.71106805447053,5,True,-0.017787902784095033
2014-07-04,54129.86559571866,6.71106805447053,5,True,0.011601877021404361
2014-07-11,52335.03144263867,241.56667899731292,5,True,-0.03315792739049306
2014-07-18,51478.93223762158,241.56667899731292,5,True,-0.016358052750105045
2014-07-25,52220.61536788586,241.56667899731292,5,True,0.01440750804311075
2014-08-01,49694.58904460553,40342.58904460553,1,False,-0.04837220521981378
2014-08-08,50058.58904460553,40342.58904460553,1,False,0.00732474112369208
2014-08-15,50142.58904460553,40342.58904460553,1,False,0.0016780337121597988
2014-08-22,50135.58904460553,40342.58904460553,1,False,-0.0001396018860089221
2014-08-29,50037.58904460553,40342.58904460553,1,False,-0.001954699283832295
2014-09-05,49916.09368051414,3.020862234871096,5,True,-0.0024280818962536532
2014-09-12,50492.45168985252,3.020862234871096,5,True,0.011546536734772017
2014-09-19,50487.5028764141,3.020862234871096,5,True,-9.801095555461714e-05
2014-09-26,51038.67832769279,3.020862234871096,5,False,0.010917066994338809
2014-10-06,49393.468663348,12525.045653475563,4,False,-0.032234566376929896
2014-10-10,47660.0636425126,37272.0636425126,1,False,-0.03509381033046699
2014-10-17,47639.0636425126,37272.0636425126,1,False,-0.00044062047750326183
2014-10-24,47632.0636425126,37272.0636425126,1,False,-0.00014693823649702953
2014-10-31,47632.0636425126,37272.0636425126,1,False,0.0
2014-11-07,48192.0636425126,37272.0636425126,1,False,0.011756786441228018
2014-11-14,48143.0636425126,37272.0636425126,1,False,-0.0010167649255171662
2014-11-21,48022.851956902785,4.514834939286523,5,True,-0.002496967922574478
2014-11-28,48185.82723098878,4.514834939286523,5,True,0.0033937025279602295
2014-12-05,52776.79957252626,4.514834939286523,5,True,0.09527640398347215
2014-12-12,51088.93995529298,4.514834939286523,5,True,-0.03198109076155342
2014-12-19,50915.562923013014,4.514834939286523,5,True,-0.003393631428479149
2014-12-29,51480.44957405214,4.514834939286523,5,True,0.011094577347465773
2015-01-02,53054.285795747084,4.514834939286523,5,True,0.03057153219750064
2015-01-09,53897.86968475465,4.514834939286523,5,True,0.015900391011864246
2015-01-16,54409.514218865676,4.514834939286523,5,True,0.009492852632276616
2015-01-23,54569.9679332364,4.514834939286523,5,True,0.0029490010464952032
2015-01-30,57642.22102409486,4.514834939286523,5,True,0.056299338394649734
2015-02-06,56060.87189346437,4.514834939286523,5,True,-0.027433868829750296
2015-02-13,56384.710843621535,4.514834939286523,5,True,0.005776559286708505
2015-02-20,57246.62120395784,4.514834939286523,5,True,0.015286242448360632
2015-02-27,60745.332830010695,4.514834939286523,5,True,0.06111647381926133
2015-03-06,66914.59493595247,4.514834939286523,5,True,0.10155944199377087
2015-03-13,68797.07439285402,4.514834939286523,5,True,0.028132568966506843
2015-03-20,75167.8780189145,4.514834939286523,5,True,0.09260282769701944
2015-03-27,74620.28836589937,4.514834939286523,5,True,-0.007284889070266809
2015-04-07,77406.71408992891,4.514834939286523,5,True,0.03734139581940976
2015-04-10,81074.46225792055,4.514834939286523,5,True,0.04738281699608837
2015-04-17,74791.75464206819,4.514834939286523,5,True,-0.07749305318690003
2015-04-24,76527.67548328523,4.514834939286523,5,True,0.023210056369511012
2015-05-04,74452.9677329648,4.514834939286523,5,True,-0.027110554936084275
2015-05-08,73774.54516082887,4.514834939286523,5,True,-0.009112095767212058
2015-05-15,75217.93708759431,4.514834939286523,5,True,0.01956490444798864
2015-05-22,77137.84692817811,4.514834939286523,5,True,0.0255246277008101
2015-05-29,78472.91028743867,4.514834939286523,5,True,0.01730750095350242
2015-06-05,78353.77703338747,4.514834939286523,5,True,-0.0015181449702175165
2015-06-12,76151.2149777997,4.514834939286523,5,True,-0.028110477107558318
2015-06-19,73385.4169305623,7.312040692613664,5,True,-0.03631981509479132
2015-06-26,76733.89635122423,7.312040692613664,5,True,0.04562867611463295
2015-07-03,76506.81382120257,7.312040692613664,5,True,-0.0029593509624777914
2015-07-10,78488.01687372332,7.312040692613664,5,True,0.025895772592894106
2015-07-17,83016.38335455065,7.312040692613664,5,True,0.05769500442485209
2015-07-24,81829.81129100446,8.197340275095048,4,True,-0.014293227620848281
2015-07-31,81926.98350741986,8.197340275095048,4,True,0.0011874916351675147
2015-08-07,78901.24776927596,1.4306725657479546,4,True,-0.03693210232584576
2015-08-14,77274.70357219344,1.4306725657479546,4,True,-0.02061493630416189
2015-08-21,70847.52302675848,52927.523026758485,1,False,-0.08317315044023943
2015-08-28,71085.52302675848,52927.523026758485,1,False,0.00335932704252917
2015-09-04,71547.52302675848,52927.523026758485,1,False,0.0064992136278732016
2015-09-11,71141.52302675848,52927.523026758485,1,False,-0.005674550044844406
2015-09-18,70552.90302675849,70552.90302675849,0,False,-0.008273930258403395
2015-09-25,70552.90302675849,70552.90302675849,0,False,0.0
2015-10-02,70552.90302675849,70552.90302675849,0,False,0.0
2015-10-09,70552.90302675849,70552.90302675849,0,False,0.0
2015-10-16,70552.90302675849,70552.90302675849,0,False,0.0
2015-10-23,70552.90302675849,70552.90302675849,0,False,0.0
2015-10-30,70552.90302675849,70552.90302675849,0,False,0.0
2015-11-06,70552.90302675849,70552.90302675849,0,False,0.0
2015-11-13,70552.90302675849,70552.90302675849,0,False,0.0
2015-11-20,70162.1158542586,4.681354279580773,4,True,-0.0055389240659831085
2015-11-27,70246.95066809184,4.681354279580773,4,True,0.001209125648511833
2015-12-04,72887.295600648,4.681354279580773,4,False,0.03758661276318542
2015-12-11,74465.19155191905,4.681354279580773,4,False,0.021648435962234203
2015-12-18,74745.79159068591,4.681354279580773,4,False,0.0037682040819195795
2015-12-28,74336.7910246802,4.681354279580773,4,False,-0.00547188754445771
2016-01-04,74463.99198293216,4.681354279580773,4,False,0.0017111440579904436
2016-01-08,70147.68266644246,49942.18266644246,1,False,-0.05796505400192675
2016-01-15,68674.99766644246,68674.99766644246,0,False,-0.020994064864590434
2016-01-22,68674.99766644246,68674.99766644246,0,False,0.0
2016-01-29,68674.99766644246,68674.99766644246,0,False,0.0
2016-02-05,68674.99766644246,68674.99766644246,0,False,0.0
2016-02-12,68674.99766644246,68674.99766644246,0,False,0.0
2016-02-19,68674.99766644246,68674.99766644246,0,False,0.0
2016-02-26,68674.99766644246,68674.99766644246,0,False,0.0
2016-03-04,68674.99766644246,68674.99766644246,0,False,0.0
2016-03-11,68674.99766644246,68674.99766644246,0,False,0.0
2016-03-18,68674.99766644246,68674.99766644246,0,False,0.0
2016-03-29,68674.99766644246,68674.99766644246,0,False,0.0
2016-04-01,68674.99766644246,68674.99766644246,0,False,0.0
2016-04-08,68674.99766644246,68674.99766644246,0,False,0.0
2016-04-15,68674.99766644246,68674.99766644246,0,False,0.0
2016-04-22,68674.99766644246,68674.99766644246,0,False,0.0
2016-04-29,68674.99766644246,68674.99766644246,0,False,0.0
2016-05-06,68674.99766644246,68674.99766644246,0,False,0.0
2016-05-13,68674.99766644246,68674.99766644246,0,False,0.0
2016-05-20,68674.99766644246,68674.99766644246,0,False,0.0
2016-05-27,68674.99766644246,68674.99766644246,0,False,0.0
2016-06-03,68674.99766644246,68674.99766644246,0,False,0.0
2016-06-10,68674.99766644246,68674.99766644246,0,False,0.0
2016-06-17,68674.99766644246,68674.99766644246,0,False,0.0
2016-06-24,68674.99766644246,68674.99766644246,0,False,0.0
2016-07-01,68674.99766644246,68674.99766644246,0,False,0.0
2016-07-08,68674.99766644246,68674.99766644246,0,False,0.0
2016-07-15,68293.60801151999,15.677027022915354,4,True,-0.005553544490454865
2016-07-22,71106.41760472067,15.677027022915354,4,True,0.04118701112886303
2016-07-29,73107.22228459128,15.677027022915354,4,True,0.028138172998575683
2016-08-05,71654.13278034933,15.677027022915354,4,True,-0.019876141629145305
2016-08-12,74509.93997792013,15.677027022915354,4,False,0.039855442899924265
2016-08-19,75174.79088581807,19047.787559402066,3,False,0.008922982733511331
2016-08-26,76964.63118733175,19047.787559402066,3,False,0.023809049289305495
2016-09-02,78955.4769591213,19047.787559402066,3,False,0.025867021527639533
2016-09-09,78045.56069935567,19047.787559402066,3,False,-0.011524422304949544
2016-09-16,76654.69734181173,19047.787559402066,3,False,-0.01782117195495303
2016-09-23,76704.36433895834,30297.86433895834,2,False,0.0006479315536940256
2016-09-30,76284.49679989585,1.526901671968517,4,True,-0.005473841582300243
2016-10-07,75276.02758259543,1.526901671968517,4,False,-0.013219844917451096
2016-10-14,74011.03659106024,44008.2371220661,2,False,-0.016804699080955054
2016-10-21,74795.87718779333,1.3763123203157193,5,True,0.010604372440689458
2016-10-28,78250.88862807043,1.3763123203157193,5,True,0.04619253854864813
2016-11-04,75381.88855368384,1.3763123203157193,5,True,-0.036664121324207155
2016-11-11,81254.3131590534,1.3763123203157193,5,True,0.07790232797348229
2016-11-18,90618.46424681433,1.3763123203157193,5,True,0.11524497252756083
2016-11-25,87953.45060641058,1.3763123203157193,5,True,-0.029409168016190868
2016-12-02,90249.30886418112,1.3763123203157193,5,True,0.026103106153781752
2016-12-09,94346.5757785488,1.3763123203157193,5,True,0.04539942705305111
2016-12-16,97155.1650167156,1.3763123203157193,5,True,0.029768851863359203
2016-12-23,97718.85347563513,1.3763123203157193,5,True,0.0058019402141156196
2016-12-30,97728.17499596365,1.3763123203157193,5,True,9.539121670965045e-05
2017-01-06,96888.78747755774,1.3763123203157193,5,True,-0.008589002285580238
2017-01-13,97985.91832215078,1.3763123203157193,5,True,0.011323610018828756
2017-01-20,100172.85774714239,1.3763123203157193,5,True,0.02231891543641562
2017-01-27,102716.3756590534,1.3763123203157193,5,True,0.025391288310166793
2017-02-03,104790.60799128302,1.3763123203157193,5,True,0.02019378428143348
2017-02-10,106072.38754755743,1.3763123203157193,5,True,0.012231817152745572
2017-02-17,110995.765318935,1.3763123203157193,5,True,0.04641526305957977
2017-02-24,108601.73072726019,1.3763123203157193,5,True,-0.02156870205629724
2017-03-03,110637.64781862982,1.3763123203157193,5,True,0.0187466357832049
2017-03-10,107411.28379065283,1.3763123203157193,5,True,-0.029161538514141383
2017-03-17,110016.95106131323,1.3763123203157193,5,True,0.02425878528496983
2017-03-24,107123.35430342444,1.3763123203157193,5,True,-0.026301372015628544
2017-03-31,105779.45072180517,1.3763123203157193,5,True,-0.012545383687414091
2017-04-07,108193.33649832495,1.3763123203157193,5,True,0.02281998781472394
2017-04-18,106332.99543185004,0.20163721808194168,5,True,-0.01719459928573064
2017-04-21,107393.95464510687,0.20163721808194168,5,True,0.009977704558664646
2017-04-28,109507.46651453742,0.20163721808194168,5,True,0.019679989217408433
2017-05-05,109494.17424748192,23.86004421958205,5,True,-0.00012138228998048728
2017-05-12,108704.94338486443,23.86004421958205,5,True,-0.007207971273737845
2017-05-19,106878.43815491447,23.86004421958205,5,True,-0.01680241185981124
2017-05-26,112398.0901524807,23.86004421958205,5,True,0.05164420525649693
2017-06-02,120224.99979565392,23.86004421958205,5,True,0.06963561064565349
2017-06-09,122805.6035754467,23.86004421958205,5,True,0.021464785062832448
2017-06-16,120220.53753826866,23.86004421958205,5,True,-0.021050065810636065
2017-06-23,121079.12195084343,23.86004421958205,5,True,0.007141744914436643
2017-06-30,118827.43844387779,23.86004421958205,5,True,-0.01859679415151183
2017-07-07,119167.11277893791,56.10178402671113,5,True,0.0028585513540337892
2017-07-14,119795.33177975425,56.10178402671113,5,True,0.0052717481037047875
2017-07-21,118799.39071205864,56.10178402671113,5,True,-0.008313688462641244
2017-07-28,120142.61302689323,56.10178402671113,5,True,0.011306643129932015
2017-08-04,125762.0711472393,56.10178402671113,5,True,0.046773230403172494
2017-08-11,120296.23130635032,56.10178402671113,5,True,-0.04346175115460449
2017-08-18,121163.06145504722,56.10178402671113,5,True,0.00720579638517016
2017-08-25,128638.17209080467,56.10178402671113,5,True,0.06169463321567514
2017-09-01,130842.78921726951,56.10178402671113,5,True,0.017138125415126604
2017-09-08,132208.08362797508,56.10178402671113,5,True,0.010434617137658586
2017-09-15,138341.40272263298,56.10178402671113,5,True,0.04639140759287197
2017-09-22,141130.07180622825,56.10178402671113,5,True,0.020157877748185005
2017-09-29,145292.37441090355,56.10178402671113,5,True,0.029492669786139736
2017-10-06,150687.44021919975,56.10178402671113,5,True,0.03713247739374359
2017-10-13,152124.09998921165,56.10178402671113,5,True,0.00953403792593499
2017-10-20,153146.40234879265,56.10178402671113,5,True,0.00672018673999375
2017-10-27,152402.88344420205,77.58582628974364,5,True,-0.004854955083419044
2017-11-03,155573.89606512795,77.58582628974364,5,True,0.020806775759507623
2017-11-10,154221.53746546517,77.58582628974364,5,True,-0.008692708956113293
2017-11-17,145794.97778071175,77.58582628974364,5,True,-0.05463931836784064
2017-11-24,146273.50384653817,77.58582628974364,5,True,0.0032821848400441667
2017-12-01,137933.57900400888,6.5074860645327135,5,True,-0.0570159640892931
2017-12-08,148289.1186005665,6.5074860645327135,5,True,0.07507627708447018
2017-12-15,148975.42146368753,6.5074860645327135,5,True,0.0046281404164905116
2017-12-22,156323.50871153604,6.5074860645327135,5,True,0.04932415814403046
2017-12-29,156968.30472918283,6.5074860645327135,5,True,0.004124753998687725
2018-01-05,164298.3571488453,6.5074860645327135,5,True,0.04669765932879888
2018-01-12,168492.49443407785,6.5074860645327135,5,True,0.0255275667877366
2018-01-19,165859.0787427021,385.76246329079004,5,True,-0.015629275952146582
2018-01-26,166841.5378348423,385.76246329079004,5,True,0.005923456826046225
2018-02-02,157835.49004431497,385.76246329079004,5,True,-0.053979649836616184
2018-02-09,143862.26584862478,143112.26584862478,1,False,-0.08853030577449328
2018-02-16,143882.26584862478,143112.26584862478,1,False,0.00013902186151470985
2018-02-23,143877.26584862478,143112.26584862478,1,False,-3.475063428082237e-05
2018-03-02,143852.4958486248,143852.4958486248,0,False,-0.000172160624917983
2018-03-09,143852.4958486248,143852.4958486248,0,False,0.0
2018-03-16,143852.4958486248,143852.4958486248,0,False,0.0
2018-03-23,143852.4958486248,143852.4958486248,0,False,0.0
2018-04-03,143852.4958486248,143852.4958486248,0,False,0.0
2018-04-06,143852.4958486248,143852.4958486248,0,False,0.0
2018-04-13,143852.4958486248,143852.4958486248,0,False,0.0
2018-04-20,143852.4958486248,143852.4958486248,0,False,0.0
2018-04-27,143852.4958486248,143852.4958486248,0,False,0.0
2018-05-04,143097.01085007438,0.011139991380332503,4,True,-0.005251803203646932
2018-05-11,155614.81074631462,0.011139991380332503,4,True,0.08747771754195055
2018-05-18,157385.45121872672,0.011139991380332503,4,True,0.011378354437603155
2018-05-25,159504.85061753044,0.011139991380332503,4,True,0.013466298075152316
2018-06-01,155339.4119273449,0.011139991380332503,4,False,-0.02611480888549067
2018-06-08,175589.60975754508,0.011139991380332503,4,True,0.130360979090558
2018-06-15,182096.97184860954,0.011139991380332503,4,True,0.037060063519987585
2018-06-22,183239.41214096794,0.011139991380332503,4,False,0.006273801704446802
2018-06-29,178669.26491394767,20834.86235657463,3,False,-0.024940852918172496
2018-07-06,185289.86214295158,20834.86235657463,3,False,0.03705504263529935
2018-07-13,185654.46391907462,20834.86235657463,3,False,0.0019677373165820633
2018-07-20,187149.82434632073,75080.22235657464,2,False,0.008054535267721485
2018-07-27,193493.82434632073,75080.22235657464,2,False,0.03389797464228672
2018-08-03,188312.22235657464,75080.22235657464,2,False,-0.026779159527447804
2018-08-10,193466.22235657464,75080.22235657464,2,False,0.027369439622674907
2018-08-17,188097.4213617016,75080.22235657464,2,False,-0.02775058575846845
2018-08-24,181109.88036682855,113823.48235657465,1,False,-0.03714852093286469
2018-08-31,180979.48235657465,113823.48235657465,1,False,-0.000719993906405314
2018-09-07,170091.67735657466,170091.67735657466,0,False,-0.0601604384001293
2018-09-14,170091.67735657466,170091.67735657466,0,False,0.0
2018-09-21,170091.67735657466,170091.67735657466,0,False,0.0
2018-09-28,170091.67735657466,170091.67735657466,0,False,0.0
2018-10-05,170091.67735657466,170091.67735657466,0,False,0.0
2018-10-12,170091.67735657466,170091.67735657466,0,False,0.0
2018-10-19,170091.67735657466,170091.67735657466,0,False,0.0
2018-10-26,170091.67735657466,170091.67735657466,0,False,0.0
2018-11-02,170091.67735657466,170091.67735657466,0,False,0.0
2018-11-09,170091.67735657466,170091.67735657466,0,False,0.0
2018-11-16,170091.67735657466,170091.67735657466,0,False,0.0
2018-11-23,170091.67735657466,170091.67735657466,0,False,0.0
2018-11-30,170091.67735657466,170091.67735657466,0,False,0.0
2018-12-07,170091.67735657466,170091.67735657466,0,False,0.0
2018-12-14,170091.67735657466,170091.67735657466,0,False,0.0
2018-12-21,170091.67735657466,170091.67735657466,0,False,0.0
2018-12-28,170091.67735657466,170091.67735657466,0,False,0.0
2019-01-04,170091.67735657466,170091.67735657466,0,False,0.0
2019-01-11,170091.67735657466,170091.67735657466,0,False,0.0
2019-01-18,170091.67735657466,170091.67735657466,0,False,0.0
2019-01-25,170091.67735657466,170091.67735657466,0,False,0.0
2019-02-01,170091.67735657466,170091.67735657466,0,False,0.0
2019-02-08,170091.67735657466,170091.67735657466,0,False,0.0
2019-02-15,170091.67735657466,170091.67735657466,0,False,0.0
2019-02-22,170091.67735657466,170091.67735657466,0,False,0.0
2019-03-01,170091.67735657466,170091.67735657466,0,False,0.0
2019-03-08,170091.67735657466,170091.67735657466,0,False,0.0
2019-03-15,170091.67735657466,170091.67735657466,0,False,0.0
2019-03-22,170091.67735657466,170091.67735657466,0,False,0.0
2019-03-29,170091.67735657466,170091.67735657466,0,False,0.0
2019-04-05,170091.67735657466,170091.67735657466,0,False,0.0
2019-04-12,170091.67735657466,170091.67735657466,0,False,0.0
2019-04-23,170091.67735657466,170091.67735657466,0,False,0.0
2019-04-26,170091.67735657466,170091.67735657466,0,False,0.0
2019-05-03,170091.67735657466,170091.67735657466,0,False,0.0
2019-05-10,170091.67735657466,170091.67735657466,0,False,0.0
2019-05-17,170091.67735657466,170091.67735657466,0,False,0.0
2019-05-24,170091.67735657466,170091.67735657466,0,False,0.0
2019-05-31,170091.67735657466,170091.67735657466,0,False,0.0
2019-06-07,170091.67735657466,170091.67735657466,0,False,0.0
2019-06-14,170091.67735657466,170091.67735657466,0,False,0.0
2019-06-21,170091.67735657466,170091.67735657466,0,False,0.0
2019-06-28,169205.68000578653,6.209848163256538,4,True,-0.005208940052550237
2019-07-05,168038.61929964792,6.209848163256538,4,True,-0.006897290363412689
2019-07-12,167822.449345348,6.209848163256538,4,True,-0.0012864301980156645
2019-07-19,169313.44953501952,27194.57514155639,3,False,0.008884390589505298
2019-07-26,174640.28838191283,8.420141556389865,5,True,0.031461404049839325
2019-08-02,169236.80289874328,8.420141556389865,5,True,-0.030940658270976473
2019-08-09,169749.7217435385,19.39220042481611,5,True,0.003030776025130466
2019-08-16,172278.7765911795,24722.804920075083,4,False,0.014898727501079234
2019-08-23,180428.7162569739,24722.804920075083,4,False,0.04730669573498503
2019-08-30,178163.4441458441,18.56565634979779,5,True,-0.012554942240477263
2019-09-06,192166.58774058594,18.56565634979779,5,True,0.07859717610352712
2019-09-13,182642.83451401963,12.136636135717708,5,True,-0.049559881031050135
2019-09-20,184338.4005988814,12.136636135717708,5,True,0.009283507285535508
2019-09-27,181021.73944604173,12.136636135717708,5,True,-0.01799224221358353
2019-10-04,183260.41200101151,12.136636135717708,5,True,0.01236687130407943
2019-10-11,188884.18281876817,12.136636135717708,5,True,0.030687319516260914
2019-10-18,183405.84124505296,12.136636135717708,5,True,-0.02900370741456737
2019-10-25,186800.01021420732,12.136636135717708,5,True,0.018506329711818426
2019-11-01,191315.9752477385,12.136636135717708,5,True,0.02417540035652377
2019-11-08,189659.52026879563,12.136636135717708,5,True,-0.008658215691595528
2019-11-15,199511.2968782164,12.136636135717708,5,True,0.05194454038193452
2019-11-22,199761.2968524672,12.136636135717708,5,True,0.0012530617471921968
2019-11-29,207906.75996720567,12.136636135717708,5,True,0.040775982350346185
2019-12-06,206936.02298199906,12.136636135717708,5,True,-0.00466909775016322
2019-12-13,206275.05867326036,12.136636135717708,5,True,-0.003194051471628989
2019-12-20,210733.98248326554,12.136636135717708,5,True,0.021616398214522548
2019-12-27,208872.56760632768,12.136636135717708,5,True,-0.008833007638365475
2020-01-03,211668.61705815568,12.136636135717708,5,True,0.01338638904989109
2020-01-10,216830.69748627915,12.136636135717708,5,True,0.02438755683231597
2020-01-17,214045.01775681748,12.136636135717708,5,True,-0.012847257153881242
2020-01-24,217856.63082730546,12.136636135717708,5,True,0.017807529978663084
2020-01-31,201974.59718644395,12.136636135717708,5,True,-0.07290130936363914
2020-02-07,210707.8047984816,12.136636135717708,5,True,0.04323913865255036
2020-02-14,218336.8977240969,81975.44366831078,4,False,0.03620697834573172
2020-02-21,214562.89405245078,81975.44366831078,4,False,-0.017285230810667462
2020-02-28,202706.345704291,164868.64532015097,2,False,-0.05525908102852772
2020-03-06,202696.14170391334,164879.34131939185,1,False,-5.03388304998742e-05
2020-03-13,202696.14170391334,164879.34131939185,1,False,0.0
2020-03-20,202696.14170391334,164879.34131939185,1,False,0.0
2020-03-27,202696.14170391334,164879.34131939185,1,False,0.0
2020-04-03,202696.14170391334,164879.34131939185,1,False,0.0
2020-04-14,202696.14170391334,164879.34131939185,1,False,0.0
2020-04-17,202696.14170391334,164879.34131939185,1,False,0.0
2020-04-24,202696.14170391334,164879.34131939185,1,False,0.0
2020-05-04,202696.14170391334,164879.34131939185,1,False,0.0
2020-05-08,202696.14170391334,164879.34131939185,1,False,0.0
2020-05-15,202696.14170391334,164879.34131939185,1,False,0.0
2020-05-22,202696.14170391334,164879.34131939185,1,False,0.0
2020-05-29,202696.14170391334,164879.34131939185,1,False,0.0
2020-06-05,201836.1532068087,21.653401358253177,5,True,-0.004242747246570033
2020-06-12,196248.9539918734,21.653401358253177,5,False,-0.02768185543652557
2020-06-19,207746.61211107505,21.653401358253177,5,True,0.05858710523205013
2020-06-26,210631.42917345298,21.653401358253177,5,False,0.01388622915706339
2020-07-03,221575.23450182212,21.653401358253177,5,True,0.051957133706560965
2020-07-10,224119.90616319908,21.653401358253177,5,True,0.011484458843508571
2020-07-17,219180.43199632896,21.653401358253177,5,True,-0.022039426356324165
2020-07-24,221320.50367449058,21.653401358253177,5,True,0.009763972352228256
2020-07-31,222255.58118913902,21.653401358253177,5,True,0.004224992710226694
2020-08-07,229251.84439180625,21.653401358253177,5,False,0.03147845901207513
2020-08-14,234624.45640276207,21.653401358253177,5,True,0.02343541455559106
2020-08-21,237451.613311484,8873.123401358253,4,False,0.012049711066218771
2020-08-28,249186.87692613853,8873.123401358253,4,False,0.04942170512550059
2020-09-04,229761.24642874015,63168.3935387255,3,False,-0.0779560735180943
2020-09-11,233671.09517599357,63168.3935387255,3,False,0.017017007036763454
2020-09-18,236549.25577497733,66.6739344621974,5,True,0.012317144304117011
2020-09-25,237528.67858804954,61650.558180945045,4,False,0.004140460344563168
2020-10-02,239955.65833963646,61650.558180945045,4,False,0.010217628313405003
2020-10-09,243598.35856546654,61650.558180945045,4,False,0.015180722351102682
2020-10-16,247693.55879129661,61650.558180945045,4,False,0.01681128005109067
2020-10-23,239592.50333963646,113908.90318094505,3,False,-0.03270595929580067
2020-10-30,236011.1034525515,113908.90318094505,3,False,-0.014947879575381018
2020-11-06,242006.80367838158,113908.90318094505,3,False,0.025404314195901723
2020-11-13,239242.20356546654,113908.90318094505,3,False,-0.011423646240082963
2020-11-20,239464.50333963646,113908.90318094505,3,False,0.0009291829403714758
2020-11-27,244077.30367838158,113908.90318094505,3,False,0.019262981671244628
2020-12-04,245374.50333963646,113908.90318094505,3,False,0.005314708257201151
2020-12-11,248584.31867235436,25.41696947350283,5,True,0.013081291206018308
2020-12-18,257215.41757982507,25.41696947350283,5,True,0.03472101117869353
2020-12-28,267399.7161485506,25.41696947350283,5,True,0.0395944328086979
2021-01-04,273300.8169023348,25.41696947350283,5,False,0.02206846304393939
2021-01-08,272648.2161485506,25.41696947350283,5,False,-0.0023878477978256374
2021-01-15,265397.9163743807,25.41696947350283,5,False,-0.026592140878778592
2021-01-22,277791.91516893636,25.41696947350283,5,False,0.04669968387043477
2021-01-29,273099.8193132235,25.41696947350283,5,True,-0.016890685435749453
2021-02-05,295773.68580339686,9852.385418875358,4,False,0.0830240992000375
2021-02-12,312362.1833925082,9852.385418875358,4,False,0.05608510285170487
2021-02-19,298655.1845979525,9852.385418875358,4,False,-0.04388174857047822
2021-02-26,271006.3708033968,154667.57041887534,2,False,-0.09257771242704649
2021-03-05,262893.0939462592,12.922134201664448,5,True,-0.029937587197990445
2021-03-12,270135.1686642577,12.922134201664448,5,True,0.027547603511710816
2021-03-19,290325.26111892954,12.922134201664448,5,True,0.07474070316170311
2021-03-26,299325.43268994585,12.922134201664448,5,True,0.03100030474898796
2021-04-06,309710.83574179903,12.922134201664448,5,True,0.03469602618969847
2021-04-09,319716.3567557742,12.922134201664448,5,True,0.03230600889378166
2021-04-16,332423.2792764117,12.922134201664448,5,False,0.03974436168852047
2021-04-23,319472.66527964966,79646.31816866293,4,False,-0.03895820420564933
2021-04-30,325486.2949556388,619.1981686629442,5,True,0.018823612563926728
2021-05-07,345027.6229094543,619.1981686629442,5,True,0.06003732954863361
2021-05-14,342328.2755726852,619.1981686629442,5,True,-0.007823568774021017
2021-05-21,365189.64844861405,619.1981686629442,5,True,0.06678201745877921
2021-05-28,377325.3458985366,619.1981686629442,5,True,0.033231219727823724
2021-06-04,368737.5730911769,619.1981686629442,5,True,-0.022759596991581255
2021-06-11,377076.1430930175,619.1981686629442,5,True,0.02261383327968791
2021-06-18,374579.82341089624,619.1981686629442,5,True,-0.0066202005293808375
2021-06-25,386942.7980388679,619.1981686629442,5,True,0.03300491338640543
2021-07-02,387580.44843402284,619.1981686629442,5,True,0.0016479190164198076
2021-07-09,396564.5229677238,619.1981686629442,5,True,0.02317989612221183
2021-07-16,394890.75179329293,619.1981686629442,5,True,-0.004220678042264225
2021-07-23,397455.1951793708,619.1981686629442,5,True,0.006494057848739576
2021-07-30,403894.0480388679,619.1981686629442,5,True,0.01620019800367989
2021-08-06,394157.2225142993,619.1981686629442,5,True,-0.02410737561458587
2021-08-13,413805.7501732387,619.1981686629442,5,True,0.0498494675135035
2021-08-20,418625.44581880944,619.1981686629442,5,True,0.011647241836424405
2021-08-27,415565.75114956277,619.1981686629442,5,True,-0.007308907520569119
2021-09-03,452866.6170643844,619.1981686629442,5,True,0.08975923981136025
2021-09-10,525245.4510115661,619.1981686629442,5,True,0.15982373445047182
2021-09-17,511650.94776287454,619.1981686629442,5,True,-0.025882191311719094
2021-09-24,568923.5545276679,619.1981686629442,5,True,0.1119368722274634
2021-10-01,543240.692587284,619.1981686629442,5,True,-0.04514290494037698
2021-10-08,528587.3940838851,619.1981686629442,5,True,-0.026973860212146206
2021-10-15,536477.6893471755,619.1981686629442,5,True,0.014927134758794924
2021-10-22,592753.0409106292,619.1981686629442,5,True,0.10489784138448255
2021-10-29,609626.9883605422,12.491316932602786,5,True,0.028467078674096813
2021-11-05,616880.4818803252,12.491316932602786,5,True,0.011898248696780467
2021-11-12,632909.4346858443,12.491316932602786,5,True,0.025983887116449056
2021-11-19,609191.7851382674,12.491316932602786,5,True,-0.03747400219961894
2021-11-26,559441.3830804671,218675.5813169326,3,False,-0.08166623922301997
2021-12-03,543609.9222697462,472880.120672151,2,False,-0.02829869453623135
2021-12-10,540958.8027350821,49872.088032475905,5,True,-0.004876878485945979
2021-12-17,532576.9590070166,49872.088032475905,5,True,-0.015494421545017789
2021-12-27,538832.190057508,49872.088032475905,5,True,0.011745215305885903
2022-01-03,541446.1929652609,49872.088032475905,5,True,0.004851237464996272
2022-01-07,536247.3040950217,49872.088032475905,5,True,-0.009601856911703899
2022-01-14,541551.7182361045,4071.664935246925,5,True,0.009891731110955648
2022-01-21,512938.1707362571,314807.527435247,2,False,-0.05283622327530402
2022-01-28,514683.2706984916,314807.527435247,2,False,0.00340216435780083
2022-02-04,528549.7742213645,314807.527435247,2,False,0.026941819002693324
2022-02-11,545151.8563804069,314807.527435247,2,False,0.031410631446205484
2022-02-18,551000.3242968955,314807.527435247,2,False,0.01072814454915405
2022-02-25,558263.7206229606,314807.527435247,2,False,0.013182199729797839
2022-03-04,567791.052782003,314807.527435247,2,False,0.01706600627461685
2022-03-11,579865.29925913,314807.527435247,2,False,0.021265298947503508
2022-03-18,591845.2135772147,314807.527435247,2,False,0.02065982277848133
2022-03-25,632407.1063804069,314807.527435247,2,False,0.06853463012403038
2022-04-01,617785.9635772147,314807.527435247,2,False,-0.023119826857855075
2022-04-08,658725.1850165763,314807.527435247,2,False,0.06626764584016764
2022-04-19,674855.6063804069,314807.527435247,2,False,0.024487330575381883
2022-04-22,674666.9420623222,314807.527435247,2,False,-0.00027956249648219966
2022-04-29,656272.5848655143,314807.527435247,2,False,-0.0272643523048276
2022-05-06,653725.6885394492,314807.527435247,2,False,-0.0038808513181866067
2022-05-13,616637.8584928622,578821.0581083407,1,False,-0.0567330161515428
2022-05-20,616637.8584928622,578821.0581083407,1,False,0.0
2022-05-27,616637.8584928622,578821.0581083407,1,False,0.0
2022-06-03,616637.8584928622,578821.0581083407,1,False,0.0
2022-06-10,616637.8584928622,578821.0581083407,1,False,0.0
2022-06-17,616637.8584928622,578821.0581083407,1,False,0.0
2022-06-24,616637.8584928622,578821.0581083407,1,False,0.0
2022-07-01,616637.8584928622,578821.0581083407,1,False,0.0
2022-07-08,616637.8584928622,578821.0581083407,1,False,0.0
2022-07-15,616637.8584928622,578821.0581083407,1,False,0.0
2022-07-22,616637.8584928622,578821.0581083407,1,False,0.0
2022-07-29,616637.8584928622,578821.0581083407,1,False,0.0
2022-08-05,616637.8584928622,578821.0581083407,1,False,0.0
2022-08-12,616637.8584928622,578821.0581083407,1,False,0.0
2022-08-19,616637.8584928622,578821.0581083407,1,False,0.0
2022-08-26,616637.8584928622,578821.0581083407,1,False,0.0
2022-09-02,616637.8584928622,578821.0581083407,1,False,0.0
2022-09-09,616637.8584928622,578821.0581083407,1,False,0.0
2022-09-16,616637.8584928622,578821.0581083407,1,False,0.0
2022-09-23,616637.8584928622,578821.0581083407,1,False,0.0
2022-09-30,616637.8584928622,578821.0581083407,1,False,0.0
2022-10-07,616637.8584928622,578821.0581083407,1,False,0.0
2022-10-14,616637.8584928622,578821.0581083407,1,False,0.0
2022-10-21,616637.8584928622,578821.0581083407,1,False,0.0
2022-10-28,616637.8584928622,578821.0581083407,1,False,0.0
2022-11-04,616637.8584928622,578821.0581083407,1,False,0.0
2022-11-11,616637.8584928622,578821.0581083407,1,False,0.0
2022-11-18,616637.8584928622,578821.0581083407,1,False,0.0
2022-11-25,616637.8584928622,578821.0581083407,1,False,0.0
2022-12-02,616637.8584928622,578821.0581083407,1,False,0.0
2022-12-09,613718.4066473722,11.237164843012579,5,True,-0.0047344674111082785
2022-12-16,607980.4567060351,11.237164843012579,5,True,-0.009349483214431298
2022-12-23,586976.0840816878,2.7226898455119226,5,True,-0.034547775989620444
2022-12-30,577195.3496577524,2.7226898455119226,5,False,-0.016662918114009995
2023-01-06,617933.6281655215,2.7226898455119226,5,False,0.07057970673520653
2023-01-13,616656.8836923026,2.7226898455119226,5,True,-0.0020661514684178206
2023-01-20,603978.586395719,2.7226898455119226,5,True,-0.020559727186812427
2023-01-27,655261.9955990099,2.7226898455119226,5,True,0.08490931691689263
2023-02-03,650814.2429529213,2.7226898455119226,5,True,-0.0067877470019036545
2023-02-10,664515.549276092,2.7226898455119226,5,True,0.021052560652336183
2023-02-17,683427.4406732105,2.7226898455119226,5,True,0.02845966722331883
2023-02-24,678128.488539555,2.7226898455119226,5,True,-0.007753496301576401
2023-03-03,704105.9832988762,2.7226898455119226,5,True,0.03830762930380249
2023-03-10,680964.6682210945,2.7226898455119226,5,True,-0.0328662383599696
2023-03-17,593188.417251594,105.64600182291178,5,True,-0.1288998608383034
2023-03-24,585993.1092186045,105.64600182291178,5,True,-0.012129886261649125
2023-03-31,612147.859507389,105.64600182291178,5,True,0.04463320451610886
2023-04-11,609961.2180086445,105.64600182291178,5,True,-0.003572080608930217
2023-04-14,627592.3497560095,105.64600182291178,5,True,0.028905332383140303
2023-04-21,631145.4806075167,105.64600182291178,5,True,0.005661526710592613
2023-04-28,612837.3098206908,16813.174226322764,5,True,-0.029007845812669353
2023-05-05,619420.2184584528,16813.174226322764,5,True,0.010741690383844427
2023-05-12,611519.9546232611,16813.174226322764,5,True,-0.012754287961172839
2023-05-19,620037.9834578425,16813.174226322764,5,True,0.013929273722276259
2023-05-26,617638.2391827494,16813.174226322764,5,True,-0.003870318172622511
2023-06-02,629961.7091172129,16813.174226322764,5,True,0.01995256956688718
2023-06-09,630217.2795529753,16813.174226322764,5,True,0.0004056920159807298
2023-06-16,649856.7413745314,16813.174226322764,5,True,0.031163001172368254
2023-06-23,640565.3900697619,16813.174226322764,5,True,-0.014297537769812352
2023-06-30,614992.0048655039,63.46253976880689,5,True,-0.039923145397338655
2023-07-07,600194.4143982893,63.46253976880689,5,True,-0.024061435514841745
2023-07-14,602988.1323092943,63.46253976880689,5,True,0.004654688287637265
2023-07-21,594918.6553195482,63.46253976880689,5,True,-0.013382480611752734
2023-07-28,602758.4581895834,63.46253976880689,5,True,0.013177940883067674
2023-08-04,592367.9412053591,63.46253976880689,5,True,-0.017238276531917562
2023-08-11,599414.106737948,63.46253976880689,5,True,0.011894913688697217
2023-08-18,582665.5829487407,25998.26741450667,5,True,-0.027941490867397056
2023-08-25,588661.7559257114,25998.26741450667,5,True,0.010290933860595208
2023-09-01,595569.7845490539,25998.26741450667,5,True,0.011735140857722648
2023-09-08,599129.8362982833,25998.26741450667,5,True,0.005977556017092045
2023-09-15,611730.7822516524,25998.26741450667,5,True,0.021032078841581203
2023-09-22,596445.3195827567,25998.26741450667,5,True,-0.02498723803407954
2023-09-29,593537.4154454214,285069.20574388327,3,False,-0.004875390990358719
2023-10-06,609841.8591099721,285069.20574388327,3,False,0.027469950908343366
2023-10-13,601032.0276738149,285069.20574388327,3,False,-0.014446091727804089
2023-10-20,599604.6042937262,344787.8039092046,2,False,-0.0023749539365037764
2023-10-27,599604.6042937262,344787.8039092046,2,False,0.0
2023-11-03,600038.5976714117,344787.8039092046,2,False,0.0007237992746849109
2023-11-10,598302.6076048834,344787.8039092046,2,False,-0.002893130664035959
2023-11-17,590271.0332753545,1335.0292165166647,5,True,-0.013423933353191808
2023-11-24,580479.4367329961,1335.0292165166647,5,True,-0.016588306032952027
2023-12-01,591232.236949671,1335.0292165166647,5,True,0.01852399850232911
2023-12-08,596634.8265797979,1335.0292165166647,5,True,0.009137846843400244
2023-12-15,607086.6361501104,1335.0292165166647,5,True,0.017517934094171794
2023-12-22,616422.4228322393,1335.0292165166647,5,True,0.015378013822429981
2023-12-29,612300.6437184698,1335.0292165166647,5,True,-0.006686614505084787
2024-01-05,618100.4370229131,1335.0292165166647,5,True,0.009472133279530004
2024-01-12,624448.2297475225,1335.0292165166647,5,True,0.010269840214292003
2024-01-19,636758.4255635625,1335.0292165166647,5,True,0.019713717214023152
2024-01-26,627535.8229787237,1335.0292165166647,5,True,-0.014483675778104388
2024-02-02,640769.8398244268,1335.0292165166647,5,True,0.0210888627566872
2024-02-09,638314.2224690801,1335.0292165166647,5,True,-0.003832292350119837
2024-02-16,671701.0477559454,1335.0292165166647,5,True,0.05230468648766862
2024-02-23,684390.8259999639,1335.0292165166647,5,True,0.01889200305167482
2024-03-01,693855.2290913946,1335.0292165166647,5,True,0.013828945000252224
2024-03-08,685422.6180684454,1335.0292165166647,5,True,-0.012153271560685242
2024-03-15,689210.2659267217,370531.66921651666,3,False,0.005526003604827245
2024-03-22,713131.8682399947,390.7341843802715,5,True,0.03470871444595747
2024-04-02,729845.5583845336,390.7341843802715,5,True,0.023437026010053597
2024-04-05,736117.4867588241,390.7341843802715,5,True,0.008593500778675711
2024-04-12,739664.721739207,11.410039816596509,5,True,0.0048188435191258705
2024-04-19,723809.5092429264,11.410039816596509,5,True,-0.0214356748811807
2024-04-26,742765.9301032169,11.410039816596509,5,True,0.026189792505100007
2024-05-03,750623.1660346134,11.410039816596509,5,True,0.010578347246358755
2024-05-10,745107.255536986,162.21967215609038,5,True,-0.007348441597888278
2024-05-17,753655.9862184054,162.21967215609038,5,True,0.01147315452626807
2024-05-24,771851.7185372836,162.21967215609038,5,True,0.02414328639539942
2024-05-31,786075.6815080172,162.21967215609038,5,True,0.018428362118165786
2024-06-07,775552.3799027926,162.21967215609038,5,True,-0.013387135428279073
2024-06-14,725855.4254922397,162.21967215609038,5,True,-0.06407942996291494
2024-06-21,752511.8591222293,162.21967215609038,5,True,0.03672416392274336
2024-06-28,742506.3002166278,162.21967215609038,5,True,-0.013296214251390714
2024-07-05,767217.8713883883,162.21967215609038,5,True,0.033281294939249584
2024-07-12,784991.1766747958,162.21967215609038,5,True,0.023165916683150378
2024-07-19,768396.1650075442,162.21967215609038,5,True,-0.021140379867131354
2024-07-26,764925.559548331,162.21967215609038,5,True,-0.004516687637527661
2024-08-02,738226.7252864367,162.21967215609038,5,True,-0.034903833358188696
2024-08-09,760222.471294318,71.4141387088248,5,True,0.02979538027337969
2024-08-16,795873.687880431,71.4141387088248,5,True,0.0468957679262163
2024-08-23,791252.4140910251,71.4141387088248,5,True,-0.00580654174120665
2024-08-30,784434.8353594883,71.4141387088248,5,True,-0.00861618695896016
2024-09-06,747985.2173766239,71.4141387088248,5,True,-0.04646608786332185
2024-09-13,779476.9068421467,71.4141387088248,5,True,0.042102021181611216
2024-09-20,774451.8311141117,81638.28313094217,5,True,-0.006446728163368887
2024-09-27,816436.0946963413,81638.28313094217,5,True,0.0542115879845384
2024-10-04,820529.1115840061,81638.28313094217,5,True,0.005013272825948656
2024-10-11,865659.4755251987,81638.28313094217,5,True,0.05500153901190652
2024-10-18,910193.4743130787,81638.28313094217,5,True,0.051445169893000964
2024-10-25,890799.9795668705,81638.28313094217,5,True,-0.02130700262473806
2024-11-01,885686.6712477787,81638.28313094217,5,True,-0.0057401307099018695
2024-11-08,882326.8784726246,81638.28313094217,5,True,-0.003793432693777299
2024-11-15,899032.4655325992,81638.28313094217,5,True,0.01893355792231266
2024-11-22,939159.8047745808,81638.28313094217,5,True,0.044633915659774814
2024-11-29,911023.3696921451,81638.28313094217,5,True,-0.029959155981115426
2024-12-06,926750.4339373691,81638.28313094217,5,True,0.017263074437419146
2024-12-13,896766.2102788074,81638.28313094217,5,True,-0.03235415119383489
2024-12-20,884931.5747349842,81638.28313094217,5,True,-0.013197013232851162
2024-12-27,895026.1653216465,81638.28313094217,5,True,0.011407199013873326
2025-01-03,903476.7826321705,81638.28313094217,5,True,0.009441754484895037
2025-01-10,908054.6931689461,1.869193383055972,5,True,0.005066993003891573
2025-01-17,920188.4420474251,1.869193383055972,5,True,0.013362354679468114
2025-01-24,865803.7381586131,69.89281693066005,4,True,-0.059101702872735196
2025-01-31,886344.0881757601,3.2108192309225103,5,True,0.023724025563613527
2025-02-07,910914.7686080798,3.2108192309225103,5,True,0.02772137904466665
2025-02-14,945125.7148084505,3.2108192309225103,5,True,0.03755669287550001
2025-02-21,932033.8833646639,3.2108192309225103,5,True,-0.013851947141698462
2025-02-28,930191.2793998583,3.2108192309225103,5,True,-0.001976971006841244
2025-03-07,908491.0081680545,75.41064245783491,5,True,-0.0233288267825994
2025-03-14,929357.3704765567,75.41064245783491,5,True,0.022968155018483483
2025-03-21,983423.9519909152,75.41064245783491,5,True,0.058176308954901
2025-03-28,979977.8611887225,75.41064245783491,5,True,-0.003504176195033848
2025-04-04,885330.7355434283,38076.987988649256,5,True,-0.0965808814604101
2025-04-11,925664.9933959827,38076.987988649256,5,True,0.04555840685661572
2025-04-22,977514.307552515,38076.987988649256,5,True,0.056013044164404446
2025-04-25,991015.5905839786,38076.987988649256,5,True,0.013811852089682386
2025-05-02,1021546.8725787982,38076.987988649256,5,True,0.030808074348082082
2025-05-09,1062677.2330467089,38076.987988649256,5,True,0.04026282256053593
2025-05-16,1058987.599911867,38076.987988649256,5,True,-0.003472016732929961
2025-05-23,1049054.6232635363,38076.987988649256,5,True,-0.009379691177835658
2025-05-30,1054018.932288347,38076.987988649256,5,True,0.004732174011460977
2025-06-06,1045579.3361223468,96993.52894766419,5,True,-0.00800706316316091
2025-06-13,995510.4865892658,96993.52894766419,5,True,-0.04788622709278789
2025-06-20,1045577.7407892474,96993.52894766419,5,True,0.05029304550223057
2025-06-27,1047701.9578932056,96993.52894766419,5,True,0.0020316204344161815
2025-07-04,1028352.8091867694,96993.52894766419,5,True,-0.018468180345243224
2025-07-11,1036708.0051382312,96993.52894766419,5,True,0.008124834081086663
2025-07-18,1072582.241077257,96993.52894766419,5,True,0.0346039924079129
2025-07-25,1074178.811263872,96993.52894766419,5,True,0.0014885293877431316
2025-08-01,1055179.8213365802,96993.52894766419,5,True,-0.017686990031890337
2025-08-08,1022857.6600397357,96993.52894766419,5,True,-0.030631898604640218
2025-08-15,1058684.6985719928,96993.52894766419,5,True,0.03502641660899841
2025-08-22,1095112.7574251422,96993.52894766419,5,True,0.03440878941793102
2025-08-29,1069925.9950807819,96993.52894766419,5,True,-0.022999241104249557
2025-09-05,1054444.1983659992,96993.52894766419,5,True,-0.014469969685720008
2025-09-12,1082620.8606966266,96993.52894766419,5,True,0.02672181455812539
2025-09-19,1072966.564622713,96993.52894766419,5,True,-0.00891752267520629
2025-09-26,1102475.7718446979,96993.52894766419,5,True,0.027502448067765473
2025-10-03,1101937.8841512927,96993.52894766419,5,True,-0.000487890715734407
2025-10-10,1088246.0488489398,96993.52894766419,5,True,-0.012425233308770656
2025-10-17,1023448.6282034717,1.5430398783355486,5,True,-0.059542987281236415
2025-10-24,1083111.1156993709,1.5430398783355486,5,True,0.058295537120049534
2025-10-31,1103660.415985664,1.5430398783355486,5,True,0.01897247658937018
2025-11-07,1090984.099108995,68.85453873964842,4,True,-0.011485704020061216
2025-11-14,1121761.1848924765,68.85453873964842,4,True,0.02821038895857164
2025-11-21,1041618.012992681,186232.93070775364,3,False,-0.07144405866341097
2025-11-28,1070717.7621037993,8.17891097401386,5,True,0.027937064017846236
2025-12-05,1062203.7154595884,8.17891097401386,5,True,-0.007951718880129577
2025-12-12,1079387.295223001,8.17891097401386,5,True,0.016177292089378126
2025-12-19,1109078.0836980375,8.17891097401386,5,True,0.027507076103672867
2025-12-29,1106431.1469380888,8.17891097401386,5,True,-0.002386609923011873
2026-01-02,1121289.6966550383,8.17891097401386,5,True,0.013429258348401252
2026-01-09,1185854.0623719725,8.17891097401386,5,True,0.057580450359562496
2026-01-16,1175065.5692918333,8.17891097401386,5,True,-0.009097656636230411
2026-01-23,1114617.607898477,8.17891097401386,5,True,-0.05144220286344192
2026-01-30,1093026.1439334808,624.0624534545059,5,True,-0.01937118507010238
2026-02-06,1066761.3862907349,624.0624534545059,5,True,-0.024029395626555483
2026-02-13,1055099.456953157,4.547924150014296,5,True,-0.010932087988418715
2026-02-20,1129864.4470350966,87.08292415001429,4,True,0.0708606090063213
2026-02-27,1183083.6935438095,62.80720271448263,5,True,0.04710232864514574
2026-03-06,1081651.7129102931,619868.5071302638,2,False,-0.0857352537162328
2026-03-13,1074933.3075147853,619868.5071302638,2,False,-0.006211246481024113
2026-03-20,1010562.8142518459,972746.0138673245,1,False,-0.05988324374445342
2026-03-27,1010562.8142518459,972746.0138673245,1,False,0.0
2026-04-07,1010562.8142518459,972746.0138673245,1,False,0.0
2026-04-10,1010562.8142518459,972746.0138673245,1,False,0.0
2026-04-17,1005822.3252164496,27907.717752612836,5,True,-0.004690939512657533
2026-04-24,1005822.3252164496,27907.717752612836,5,True,0.0
