date,equity,cash,positions,regime_on,circuit_breaker,returns
2010-01-04,19804.37011530638,678.393176581862,10,True,False,
2010-01-08,20367.034100081924,678.393176581862,10,True,False,0.028411102271850286
2010-01-15,20327.01982167006,678.393176581862,10,True,False,-0.00196465907678256
2010-01-22,19593.760896193984,398.29871033430345,10,True,False,-0.03607311509060318
2010-01-29,19638.16950321913,57.37356949568084,10,True,False,0.0022664667217497936
2010-02-05,18990.121277625563,33.64124089002917,10,True,False,-0.03299942112666554
2010-02-12,18826.441067225936,1.7216310572655402,10,True,False,-0.008619229335437573
2010-02-19,19417.986974723342,1.7216310572655402,10,True,False,0.03142101607973058
2010-02-26,19166.829465873245,1.7216310572655402,10,True,False,-0.012934271156790467
2010-03-05,20424.234239032274,11.981250693801712,10,True,False,0.06560317007034744
2010-03-12,20782.184908797746,11.981250693801712,10,True,False,0.017525781656058337
2010-03-19,20649.295899322038,11.981250693801712,10,True,False,-0.006394371432016821
2010-03-26,21879.776531150346,11.981250693801712,10,True,False,0.0595894716133496
2010-04-06,22948.26912920714,11.981250693801712,10,True,False,0.04883471257284433
2010-04-09,22962.69363491774,11.981250693801712,10,True,False,0.0006285661733085313
2010-04-16,22665.600462844377,11.981250693801712,10,True,False,-0.012938080209440095
2010-04-23,23064.987668921953,11.981250693801712,10,True,False,0.01762085265432467
2010-04-30,22571.021143844133,11.981250693801712,10,True,False,-0.021416292614948818
2010-05-07,20041.055656523706,13523.389328093532,3,False,False,-0.11208910182649989
2010-05-14,20248.418044030674,928.8741068244044,10,True,False,0.010346879478849713
2010-05-21,19212.908873498447,928.8741068244044,10,True,False,-0.05114025047687609
2010-05-28,19533.1710699606,834.2885755109853,10,True,False,0.016669115466628304
2010-06-04,19613.073338847167,834.2885755109853,10,True,False,0.004090593821166388
2010-06-11,19758.65621631146,882.4282342672418,10,True,False,0.007422746805108904
2010-06-18,20652.49699656964,882.4282342672418,10,True,False,0.045237933717389156
2010-06-25,20346.664781260497,882.4282342672418,10,True,False,-0.014808486129301524
2010-07-02,19254.79293097258,13274.94277800322,3,False,True,-0.05366343142850338
2010-07-09,19261.118681963686,175.32381850123897,10,True,False,0.0003285286429088874
2010-07-16,19220.038506563906,175.32381850123897,10,True,True,-0.0021328031916572066
2010-07-23,19733.402565296892,175.32381850123897,10,True,False,0.02670983507955338
2010-07-30,20081.998593147997,175.32381850123897,10,True,False,0.017665277272767232
2010-08-06,20474.3062565887,175.32381850123897,10,True,False,0.019535289857781413
2010-08-13,20074.01711374164,175.32381850123897,10,True,False,-0.019550803716157472
2010-08-20,19844.85629843593,332.0978512656741,10,True,False,-0.0114157925644508
2010-08-27,19150.563565881257,11301.820933969026,4,False,False,-0.03498602973554377
2010-09-03,19463.070797603137,9.664162557131249,10,True,False,0.016318435258931174
2010-09-10,19749.711847703464,9.664162557131249,10,True,False,0.014727431918689193
2010-09-17,20072.02720109702,9.664162557131249,10,True,False,0.016320002837460823
2010-09-24,20314.283416907794,9.664162557131249,10,True,False,0.012069344734523701
2010-10-01,20564.610358874805,9.664162557131249,10,True,False,0.012322705991128391
2010-10-08,20739.425862710483,9.664162557131249,10,True,False,0.008500793391411632
2010-10-15,20533.976241467004,44.15607464075697,10,True,False,-0.009906234753242482
2010-10-22,21016.604800579553,44.15607464075697,10,True,False,0.023503901701118712
2010-10-29,21965.52029168368,44.15607464075697,10,True,False,0.045150751042240644
2010-11-05,22461.526373503213,44.15607464075697,10,True,False,0.022581121468236987
2010-11-12,21731.241851208215,44.15607464075697,10,True,False,-0.032512684585695784
2010-11-19,22227.422037003045,44.15607464075697,10,True,False,0.02283257391326865
2010-11-26,22127.323076798923,1.4020329260890776,10,True,False,-0.004503399451249113
2010-12-03,22734.347348287112,1.4020329260890776,10,True,False,0.027433244834060844
2010-12-10,22804.344379260547,1.4020329260890776,10,True,False,0.0030789109491946576
2010-12-17,22589.854854896075,1.4020329260890776,10,True,False,-0.009405643100160344
2010-12-27,22995.566552474505,1.4020329260890776,10,True,False,0.01795990723200669
2011-01-03,23284.918907239444,1.4020329260890776,10,True,False,0.012582962637804673
2011-01-07,23265.571467705973,6.763546773201824,10,True,False,-0.0008309000177558756
2011-01-14,23620.076158829936,6.763546773201824,10,True,False,0.015237308553371909
2011-01-21,23224.773814030894,6.763546773201824,10,True,False,-0.016735862413858715
2011-01-28,23809.439560719737,6.763546773201824,10,True,False,0.025174227803916205
2011-02-04,23302.17688829542,6.763546773201824,10,True,False,-0.021305107628874498
2011-02-11,23678.11296016813,6.763546773201824,10,True,False,0.016133088066185852
2011-02-18,23850.268561669596,6.763546773201824,10,True,False,0.0072706639161266295
2011-02-25,23304.542280980357,6.763546773201824,10,True,False,-0.022881347406137453
2011-03-04,23556.703014680155,6.763546773201824,10,True,False,0.010820239705183754
2011-03-11,23564.686491795786,6.763546773201824,10,True,False,0.000338904689279218
2011-03-18,22836.634255322224,1100.8683108413284,10,True,False,-0.030895901658909763
2011-03-25,23455.354414852864,1100.8683108413284,10,True,False,0.02709331649371416
2011-04-01,23765.87594023586,1100.8683108413284,10,True,False,0.013238833227195324
2011-04-08,24292.786028774983,1100.8683108413284,10,True,False,0.022170867586119858
2011-04-15,23939.33059683681,1100.8683108413284,10,True,False,-0.014549810446586986
2011-04-26,24846.7113341415,1100.8683108413284,10,True,False,0.037903346279222205
2011-04-29,24938.866315754658,1100.8683108413284,10,True,False,0.003708940808055061
2011-05-06,24861.91937117458,1115.3833108413282,10,True,False,-0.0030854227135204138
2011-05-13,25140.197403477436,1115.3833108413282,10,True,False,0.011192942433298159
2011-05-20,25692.49520258785,1115.3833108413282,10,True,False,0.02196871369967912
2011-05-27,25487.213701771503,1115.3833108413282,10,True,False,-0.0079899402217527
2011-06-03,25728.63947348476,1115.3833108413282,10,True,False,0.009472427019218577
2011-06-10,25195.57926707149,1115.3833108413282,10,True,False,-0.02071855400526046
2011-06-17,25334.897645519977,1239.3823533523146,10,True,False,0.00552947709483953
2011-06-24,25196.277724179035,1265.050226124532,10,True,False,-0.005471501139672208
2011-07-01,27312.49977389217,1265.050226124532,10,True,False,0.08398947149571812
2011-07-08,28740.59844008327,1265.050226124532,10,True,False,0.05228736578539794
2011-07-15,27941.62329378963,1265.050226124532,10,True,False,-0.027799530617265922
2011-07-22,27533.669226559407,1265.050226124532,10,True,False,-0.014600227872977545
2011-07-29,26882.66415679575,6.105553509004039,10,True,False,-0.02364396348364961
2011-08-05,23158.497294965986,16893.60724979997,2,False,False,-0.13853414379275053
2011-08-12,22659.717317548995,20187.00724979997,1,False,False,-0.021537665897061964
2011-08-19,22280.984555975203,22280.984555975203,0,False,False,-0.016713922608402543
2011-08-26,22280.984555975203,22280.984555975203,0,False,False,0.0
2011-09-02,22280.984555975203,22280.984555975203,0,False,False,0.0
2011-09-09,22280.984555975203,22280.984555975203,0,False,False,0.0
2011-09-16,22280.984555975203,22280.984555975203,0,False,False,0.0
2011-09-23,22280.984555975203,22280.984555975203,0,False,True,0.0
2011-09-30,22280.984555975203,22280.984555975203,0,False,True,0.0
2011-10-07,22280.984555975203,22280.984555975203,0,False,True,0.0
2011-10-14,22280.984555975203,22280.984555975203,0,False,True,0.0
2011-10-21,22280.984555975203,22280.984555975203,0,False,True,0.0
2011-10-28,22280.984555975203,22280.984555975203,0,False,False,0.0
2011-11-04,22280.984555975203,22280.984555975203,0,False,False,0.0
2011-11-11,22280.984555975203,22280.984555975203,0,False,False,0.0
2011-11-18,22280.984555975203,22280.984555975203,0,False,False,0.0
2011-11-25,22280.984555975203,22280.984555975203,0,False,False,0.0
2011-12-02,22280.984555975203,22280.984555975203,0,False,False,0.0
2011-12-09,22280.984555975203,22280.984555975203,0,False,False,0.0
2011-12-16,22280.984555975203,22280.984555975203,0,False,False,0.0
2011-12-23,22280.984555975203,22280.984555975203,0,False,False,0.0
2011-12-30,22280.984555975203,22280.984555975203,0,False,False,0.0
2012-01-06,22280.984555975203,22280.984555975203,0,False,False,0.0
2012-01-13,22280.984555975203,22280.984555975203,0,False,False,0.0
2012-01-20,22280.984555975203,22280.984555975203,0,False,False,0.0
2012-01-27,22280.984555975203,22280.984555975203,0,False,False,0.0
2012-02-03,22280.984555975203,22280.984555975203,0,False,False,0.0
2012-02-10,22280.984555975203,22280.984555975203,0,False,False,0.0
2012-02-17,22280.984555975203,22280.984555975203,0,False,False,0.0
2012-02-24,22280.984555975203,22280.984555975203,0,False,False,0.0
2012-03-02,22280.984555975203,22280.984555975203,0,False,False,0.0
2012-03-09,22280.984555975203,22280.984555975203,0,False,False,0.0
2012-03-16,22280.984555975203,22280.984555975203,0,False,False,0.0
2012-03-23,22280.984555975203,22280.984555975203,0,False,False,0.0
2012-03-30,22280.984555975203,22280.984555975203,0,False,False,0.0
2012-04-10,22280.984555975203,22280.984555975203,0,False,False,0.0
2012-04-13,22280.984555975203,22280.984555975203,0,False,False,0.0
2012-04-20,22280.984555975203,22280.984555975203,0,False,False,0.0
2012-04-27,22280.984555975203,22280.984555975203,0,False,False,0.0
2012-05-04,22280.984555975203,22280.984555975203,0,False,False,0.0
2012-05-11,22280.984555975203,22280.984555975203,0,False,False,0.0
2012-05-18,22280.984555975203,22280.984555975203,0,False,False,0.0
2012-05-25,22092.663533071285,2428.4589522874417,9,True,False,-0.008452096110511231
2012-06-01,21542.670253022916,8717.91807101608,6,False,False,-0.024894838018288956
2012-06-08,21406.222512086635,12713.922295411832,4,False,False,-0.00633383602560289
2012-06-15,21287.598193572765,16719.015712188488,2,False,False,-0.005541581119550165
2012-06-22,21118.100065420873,22.231790732151694,10,True,False,-0.007962294600386999
2012-06-29,21472.23504276157,22.231790732151694,10,True,False,0.016769263155475
2012-07-06,21839.8516685474,22.231790732151694,10,True,False,0.017120557084706167
2012-07-13,21945.724343062644,304.4852359306876,10,True,False,0.004847682856185198
2012-07-20,22972.31300616384,304.4852359306876,10,True,False,0.04677852719979669
2012-07-27,23385.404268981223,304.4852359306876,10,True,False,0.017982136265797255
2012-08-03,23272.843121291404,304.4852359306876,10,True,False,-0.004813307753636864
2012-08-10,22626.942459822898,304.4852359306876,10,True,False,-0.027753405894684002
2012-08-17,22372.24432026983,10.564611788994853,10,True,False,-0.01125640991951593
2012-08-24,22411.01309343935,26.299208132035574,10,True,False,0.0017328960212719124
2012-08-31,22219.83322283388,26.299208132035574,10,True,False,-0.008530621521141146
2012-09-07,22421.526709047565,26.299208132035574,10,True,False,0.009077182721894506
2012-09-14,22694.15364119173,26.299208132035574,10,True,False,0.01215916006442841
2012-09-21,23251.26350447298,26.299208132035574,10,True,False,0.024548607191503757
2012-09-28,23534.388567415484,26.299208132035574,10,True,False,0.012176760324789981
2012-10-05,24607.2905764258,26.299208132035574,10,True,False,0.04558869273093413
2012-10-12,24320.576772180804,26.299208132035574,10,True,False,-0.011651579573724868
2012-10-19,24085.881880995043,74.32745098710848,10,True,False,-0.009650054494357962
2012-10-26,23761.507992979296,74.32745098710848,10,True,False,-0.013467386812674453
2012-11-02,24065.69269871355,74.32745098710848,10,True,False,0.012801574118280978
2012-11-09,24217.870496031053,74.32745098710848,10,True,False,0.006323433080554608
2012-11-16,22972.625593916186,367.6438720381341,10,True,False,-0.05141843096068022
2012-11-23,23444.14445473314,367.6438720381341,10,True,False,0.020525249013844782
2012-11-30,24008.4803121245,367.6438720381341,10,True,False,0.024071505722079056
2012-12-07,24030.985374456654,274.8838720381341,10,True,False,0.000937379710817865
2012-12-14,23642.48977470995,274.8838720381341,10,True,False,-0.01616644484997476
2012-12-21,23620.774961477528,274.8838720381341,10,True,False,-0.0009184655862958246
2012-12-28,23871.445650106678,274.8838720381341,10,True,False,0.010612297396590975
2013-01-04,24668.863970094928,38.12221270204418,10,True,False,0.03340469327565354
2013-01-11,25701.939186388263,38.12221270204418,10,True,False,0.04187769722779655
2013-01-18,25685.742399469622,407.1982863104431,10,True,False,-0.0006301776220534183
2013-01-25,26551.677030817278,407.1982863104431,10,True,False,0.03371265731316897
2013-02-01,26470.23457743288,407.1982863104431,10,True,False,-0.0030673186213387993
2013-02-08,26851.880033746966,407.1982863104431,10,True,False,0.014417909867691758
2013-02-15,27052.64697847963,3196.3820363104433,9,True,False,0.0074768300945908805
2013-02-22,27276.00822687746,464.4401497900576,10,True,False,0.008256539501495519
2013-03-01,27240.493393427143,464.4401497900576,10,True,False,-0.0013020539206071158
2013-03-08,28094.891731745014,464.4401497900576,10,True,False,0.03136500965595679
2013-03-15,28369.175550943623,464.4401497900576,10,True,False,0.00976276476939364
2013-03-22,27587.880377298603,464.4401497900576,10,True,False,-0.027540284779937196
2013-04-02,28294.59805536867,464.4401497900576,10,True,False,0.025616961810940975
2013-04-05,26876.21914637209,1954.5543895971869,9,True,False,-0.05012896476638429
2013-04-12,27989.714336038836,1954.5543895971869,9,True,False,0.04143049971435642
2013-04-19,27267.05359396816,6.718734596977583,10,True,False,-0.02581879662630915
2013-04-26,28458.396327828177,6.718734596977583,10,True,False,0.043691656297017545
2013-05-03,29087.791317795523,6.718734596977583,10,True,False,0.02211631965192251
2013-05-10,29479.791343067893,6.718734596977583,10,True,False,0.013476445185872432
2013-05-17,30581.83762639881,271.06267064930034,10,True,False,0.037383110026321775
2013-05-24,30664.917464197883,271.06267064930034,10,True,False,0.0027166398178557483
2013-05-31,30971.67765325428,271.06267064930034,10,True,False,0.01000362024174839
2013-06-07,30969.93265813709,271.06267064930034,10,True,False,-5.6341640150225913e-05
2013-06-14,30001.58228685261,7.43870069385639,10,True,False,-0.03126743548246169
2013-06-21,29469.562223324785,130.65300954343002,10,True,False,-0.017733066824310972
2013-06-28,30148.82377184392,130.65300954343002,10,True,False,0.023049597526138665
2013-07-05,30468.47426308156,130.65300954343002,10,True,False,0.010602419970233257
2013-07-12,30940.21549094678,130.65300954343002,10,True,False,0.015482929134946088
2013-07-19,31550.683736214647,130.65300954343002,10,True,False,0.019730575097206104
2013-07-26,31159.467714438448,130.65300954343002,10,True,False,-0.01239960518913108
2013-08-02,32253.53054631711,130.65300954343002,10,True,False,0.03511173046681093
2013-08-09,32034.779584097872,23.854585576068985,10,True,False,-0.006782233092439416
2013-08-16,31369.237141299258,23.854585576068985,10,True,False,-0.020775621104288544
2013-08-23,31863.86193125249,23.854585576068985,10,True,False,0.015767829728381644
2013-08-30,31065.672042775164,23.854585576068985,10,True,False,-0.025050004616497867
2013-09-06,31676.298655676852,23.854585576068985,10,True,False,0.01965599237836857
2013-09-13,32394.286327290545,23.854585576068985,10,True,False,0.022666400497679984
2013-09-20,33372.36750476361,23.854585576068985,10,True,False,0.03019301513826167
2013-09-27,33629.35462729932,23.854585576068985,10,True,False,0.007700596084440958
2013-10-04,34375.61913983823,23.854585576068985,10,True,False,0.02219086630741085
2013-10-11,35011.0830117941,23.854585576068985,10,True,False,0.018485888773983605
2013-10-18,36676.16158835889,23.854585576068985,10,True,False,0.04755861382533855
2013-10-25,36278.20803086759,23.854585576068985,10,True,False,-0.01085046908555487
2013-11-01,35932.08714668752,23.854585576068985,10,True,False,-0.009540738172226448
2013-11-08,35183.917304528964,1.4945101869225255,10,True,False,-0.02082177523126494
2013-11-15,35369.97361422898,1.4945101869225255,10,True,False,0.0052881067247183555
2013-11-22,35934.295346750034,1.4945101869225255,10,True,False,0.015954824809200296
2013-11-29,37394.56398726822,1.4945101869225255,10,True,False,0.040637185909094375
2013-12-06,37387.9963090551,1.4945101869225255,10,True,False,-0.0001756318970681514
2013-12-13,37216.603794111026,1.4945101869225255,10,True,False,-0.004584158870866384
2013-12-20,38164.92686606766,1.4945101869225255,10,True,False,0.02548118246369091
2013-12-27,37625.598919690856,16.675134958040417,10,True,False,-0.014131507398650878
2014-01-03,38714.52860480667,16.675134958040417,10,True,False,0.028941192070857324
2014-01-10,39442.87071869494,0.2773859274507231,10,True,False,0.018813146902112665
2014-01-17,39837.89244077326,0.2773859274507231,10,True,False,0.0100150347801915
2014-01-24,37850.701255168926,3.649960365307834,10,True,False,-0.04988193561089316
2014-01-31,38106.64008888246,3.649960365307834,10,True,False,0.006761798995166046
2014-02-07,38924.64836868287,3.649960365307834,10,True,False,0.021466292433351297
2014-02-14,40104.341650333416,3.649960365307834,10,True,False,0.03030710182599039
2014-02-21,40852.00379261018,3.649960365307834,10,True,False,0.018642922723818067
2014-02-28,41694.078921642315,3.649960365307834,10,True,False,0.02061282313854229
2014-03-07,41413.12260803224,3.649960365307834,10,True,False,-0.0067385182950819855
2014-03-14,39816.708664847625,0.7585069668418782,10,True,False,-0.038548504499271496
2014-03-21,41023.60857792021,0.7585069668418782,10,True,False,0.03031139322015597
2014-03-28,41504.58122654082,0.7585069668418782,10,True,False,0.011724289142117872
2014-04-04,41982.45321577193,1660.2609469235076,10,True,False,0.01151371668160639
2014-04-11,41309.91508405806,1660.2609469235076,10,True,False,-0.016019505298018433
2014-04-22,40688.75821416976,1660.2609469235076,10,True,False,-0.015036508030199625
2014-04-25,40300.86453312041,1660.2609469235076,10,True,False,-0.009533190445567885
2014-05-02,41295.87074535491,1660.2609469235076,10,True,False,0.024689450803636603
2014-05-09,40094.95605676772,1660.2609469235076,10,True,False,-0.029080745045732437
2014-05-16,38971.802925673735,25.204495040192796,10,True,False,-0.028012329767958533
2014-05-23,39101.259338125004,2141.9313661897318,10,True,False,0.003321796856516235
2014-05-30,40146.88958047272,2141.9313661897318,10,True,False,0.02674160014401883
2014-06-06,40677.732650502934,2141.9313661897318,10,True,False,0.013222520488571421
2014-06-13,39413.107415012135,1707.53547077538,10,True,False,-0.031088882125173356
2014-06-20,39156.42453505875,1059.684921525732,10,True,False,-0.00651262731584612
2014-06-27,38227.3602750528,639.0273030030876,10,True,False,-0.02372699425541558
2014-07-04,38784.91036298157,639.0273030030876,10,True,False,0.01458510563944504
2014-07-11,36873.40409322025,32.56828160525902,10,True,False,-0.049284792767905206
2014-07-18,36801.37859864475,32.56828160525902,10,True,False,-0.0019533182885260736
2014-07-25,36870.7478785062,32.56828160525902,10,True,False,0.0018849641644675952
2014-08-01,35567.52521616222,29409.191994726672,2,False,False,-0.03534570729723907
2014-08-08,34882.96476026775,32843.80722852947,1,False,False,-0.019246783455808103
2014-08-15,34902.57192274334,32843.80722852947,1,False,False,0.0005620841751936556
2014-08-22,34994.07265516521,32843.80722852947,1,False,False,0.002621604293930213
2014-08-29,34981.00112196209,32843.80722852947,1,False,False,-0.00037353563650432964
2014-09-05,34784.75100049736,1544.8646622634146,10,True,False,-0.0056101916803494856
2014-09-12,35085.218876702806,1278.8139074874139,10,True,False,0.008637919420528606
2014-09-19,35660.5443581176,1278.8139074874139,10,True,False,0.01639794477089107
2014-09-26,35399.11989494087,4509.304916341327,9,False,False,-0.007330916223583062
2014-10-06,34500.63240113976,10726.56186547997,7,False,False,-0.025381633680941373
2014-10-10,32701.06170304539,25769.301739056133,2,False,False,-0.05216051338336969
2014-10-17,32490.079604103586,28951.679701759836,1,False,False,-0.006451842477094738
2014-10-24,32730.87965293171,28951.679701759836,1,False,False,0.007411494578108524
2014-10-31,32951.67970175984,28951.679701759836,1,False,False,0.006745924679367743
2014-11-07,32901.27979941609,28951.679701759836,1,False,False,-0.0015295093543002958
2014-11-14,32867.67970175984,28951.679701759836,1,False,False,-0.0010212398381186372
2014-11-21,32689.094238989375,1086.3820559907176,10,True,False,-0.005433467296472982
2014-11-28,32747.833940022014,1086.3820559907176,10,True,False,0.0017969204225480873
2014-12-05,34322.95988749745,1086.3820559907176,10,True,False,0.048098629984514085
2014-12-12,33508.521746866725,1086.3820559907176,10,True,False,-0.023728668602598924
2014-12-19,33050.02564856055,712.8471269273978,10,True,False,-0.01368297001490515
2014-12-29,33454.56369587424,712.8471269273978,10,True,False,0.01224017347566897
2015-01-02,34305.04642340186,712.8471269273978,10,True,False,0.025422024189557746
2015-01-09,34274.69180405142,189.51666557791123,10,True,False,-0.0008848441414651687
2015-01-16,34045.392817807224,350.9191282510983,10,True,False,-0.006690037872699173
2015-01-23,34379.51998693946,350.9191282510983,10,True,False,0.009814166954110526
2015-01-30,35824.25598270896,350.9191282510983,10,True,False,0.04202315786603039
2015-02-06,36481.98896486762,350.9191282510983,10,True,False,0.018359990015595073
2015-02-13,36652.8775966883,350.9191282510983,10,True,False,0.0046841917524080845
2015-02-20,37424.82013113501,350.9191282510983,10,True,False,0.02106089849044923
2015-02-27,39111.459700417545,350.9191282510983,10,True,False,0.045067406159137624
2015-03-06,41016.2722242594,350.9191282510983,10,True,False,0.048702158866791745
2015-03-13,42453.47756655219,350.9191282510983,10,True,False,0.03503988208471909
2015-03-20,44218.9121177912,350.9191282510983,10,True,False,0.04158515750497549
2015-03-27,44233.877070260074,350.9191282510983,10,True,False,0.00033842877972678487
2015-04-07,45253.60252077582,350.9191282510983,10,True,False,0.023053042555958525
2015-04-10,46752.58295996192,350.9191282510983,10,True,False,0.033124002415010345
2015-04-17,43601.998457703616,7.380424294495242,10,True,False,-0.06738845862177079
2015-04-24,45004.99689177039,7.380424294495242,10,True,False,0.032177388277919494
2015-05-04,43717.07709005835,7.380424294495242,10,True,False,-0.028617262318876957
2015-05-08,42559.71233919623,7.380424294495242,10,True,False,-0.026473973739779555
2015-05-15,43327.792411599185,7.380424294495242,10,True,False,0.018047116161910015
2015-05-22,44825.44516542914,7.380424294495242,10,True,False,0.03456563721508754
2015-05-29,45312.7346008158,7.380424294495242,10,True,False,0.010870821998271385
2015-06-05,44996.00489176276,1179.7389425134895,9,True,False,-0.006989860838090722
2015-06-12,44625.24898848059,12.70251307013018,10,True,False,-0.008239751599592338
2015-06-19,44437.33112711432,225.54833979132218,10,True,False,-0.004211021016707006
2015-06-26,46465.339886612914,225.54833979132218,10,True,False,0.0456375013543775
2015-07-03,46747.87678236487,225.54833979132218,10,True,False,0.006080594620450741
2015-07-10,48237.58446020605,225.54833979132218,10,True,False,0.03186685215194984
2015-07-17,51538.93572802069,225.54833979132218,10,True,False,0.06843939854695891
2015-07-24,50599.892802958515,256.95017695906245,10,True,False,-0.018220068222162267
2015-07-31,49663.582814936664,256.95017695906245,10,True,False,-0.018504189162375173
2015-08-07,48166.44727820876,1994.6712820005673,10,True,False,-0.030145540290694273
2015-08-14,49070.81955642226,1994.6712820005673,10,True,False,0.01877598056983243
2015-08-21,45869.471451134705,20815.651127190613,6,False,False,-0.06523934456824398
2015-08-28,46665.71105226996,20815.651127190613,6,False,False,0.01735881351899815
2015-09-04,47180.13110527518,30735.631105275177,3,False,False,0.011023512583554496
2015-09-11,47234.13110527518,30735.631105275177,3,False,False,0.0011445495960895613
2015-09-18,46868.59620720389,35134.47610527518,2,False,False,-0.007738787387801982
2015-09-25,46893.416245045686,35134.47610527518,2,False,False,0.0005295664869515715
2015-10-02,46528.65608269217,35134.47610527518,2,False,False,-0.00777849411626208
2015-10-09,45921.39542572501,41345.39542572501,1,False,False,-0.01305132595895142
2015-10-16,45716.480083622955,45716.480083622955,0,False,False,-0.004462306517524994
2015-10-23,45716.480083622955,45716.480083622955,0,False,False,0.0
2015-10-30,45716.480083622955,45716.480083622955,0,False,False,0.0
2015-11-06,45716.480083622955,45716.480083622955,0,False,False,0.0
2015-11-13,45716.480083622955,45716.480083622955,0,False,False,0.0
2015-11-20,45392.983683849605,693.7037291777442,10,True,False,-0.007076144077182267
2015-11-27,45815.33633282307,693.7037291777442,10,True,False,0.009304359720326838
2015-12-04,47590.87000515583,693.7037291777442,10,False,False,0.038754133756314646
2015-12-11,47627.22366860035,693.7037291777442,10,False,False,0.0007638789423387582
2015-12-18,48481.22759368542,693.7037291777442,10,False,False,0.017931003726511463
2015-12-28,48415.4203727496,693.7037291777442,10,False,False,-0.0013573753017837031
2016-01-04,48460.30131032589,693.7037291777442,10,False,False,0.0009269967549749847
2016-01-08,45855.233404473096,31777.493418053422,3,False,False,-0.053756741815753184
2016-01-15,44747.8432822502,39777.19341805342,1,False,False,-0.02414969982717119
2016-01-22,44937.413377312456,39777.19341805342,1,False,False,0.004236407414465404
2016-01-29,44958.773526696,39777.19341805342,1,False,False,0.00047533108334918417
2016-02-05,44637.718418053424,44637.718418053424,0,False,False,-0.0071411002449152106
2016-02-12,44637.718418053424,44637.718418053424,0,False,False,0.0
2016-02-19,44637.718418053424,44637.718418053424,0,False,False,0.0
2016-02-26,44637.718418053424,44637.718418053424,0,False,False,0.0
2016-03-04,44637.718418053424,44637.718418053424,0,False,False,0.0
2016-03-11,44637.718418053424,44637.718418053424,0,False,False,0.0
2016-03-18,44637.718418053424,44637.718418053424,0,False,False,0.0
2016-03-29,44637.718418053424,44637.718418053424,0,False,False,0.0
2016-04-01,44637.718418053424,44637.718418053424,0,False,False,0.0
2016-04-08,44637.718418053424,44637.718418053424,0,False,False,0.0
2016-04-15,44637.718418053424,44637.718418053424,0,False,False,0.0
2016-04-22,44637.718418053424,44637.718418053424,0,False,False,0.0
2016-04-29,44637.718418053424,44637.718418053424,0,False,False,0.0
2016-05-06,44637.718418053424,44637.718418053424,0,False,False,0.0
2016-05-13,44637.718418053424,44637.718418053424,0,False,False,0.0
2016-05-20,44637.718418053424,44637.718418053424,0,False,False,0.0
2016-05-27,44637.718418053424,44637.718418053424,0,False,False,0.0
2016-06-03,44637.718418053424,44637.718418053424,0,False,False,0.0
2016-06-10,44637.718418053424,44637.718418053424,0,False,False,0.0
2016-06-17,44637.718418053424,44637.718418053424,0,False,False,0.0
2016-06-24,44637.718418053424,44637.718418053424,0,False,False,0.0
2016-07-01,44637.718418053424,44637.718418053424,0,False,False,0.0
2016-07-08,44637.718418053424,44637.718418053424,0,False,False,0.0
2016-07-15,44322.41330552225,1261.3907992852191,10,True,False,-0.007063647599059419
2016-07-22,45987.08871865396,1261.3907992852191,10,True,False,0.037558320700112
2016-07-29,46624.19592261438,1261.3907992852191,10,True,False,0.013854045161636463
2016-08-05,46758.67148471002,1261.3907992852191,10,True,False,0.0028842441019003573
2016-08-12,47675.06890273218,1261.3907992852191,10,False,False,0.019598448564173143
2016-08-19,47812.04777154092,14016.026434508607,7,False,False,0.0028731761056961513
2016-08-26,48072.64429911737,14016.026434508607,7,False,False,0.005450436442748563
2016-09-02,47590.311875120446,18362.341812864586,6,False,False,-0.010033407378128745
2016-09-09,47548.32632710104,18362.341812864586,6,False,False,-0.0008822288899804631
2016-09-16,48125.70560425405,22974.196232496543,5,False,False,0.012142998960279483
2016-09-23,49528.88348120336,22974.196232496543,5,False,False,0.02915651540754305
2016-09-30,48564.009720903676,13.38227234487158,10,True,False,-0.01948103192485373
2016-10-07,48938.717714315695,4752.517435556694,9,False,False,0.007715754847374745
2016-10-14,48204.49572764043,9190.565368753716,8,False,False,-0.015002885669406996
2016-10-21,49105.54487175588,8.905131765648548,10,True,False,0.018692222177915774
2016-10-28,48311.80217633848,2.7288483202910356,10,True,False,-0.016164013605598715
2016-11-04,45761.50873097544,6.3684874451628275,10,True,False,-0.052788207652748165
2016-11-11,47320.41261777048,6.3684874451628275,10,True,False,0.0340658323998797
2016-11-18,48243.50121506815,6.3684874451628275,10,True,False,0.01950719670924883
2016-11-25,48138.15492829447,6.3684874451628275,10,True,False,-0.002183636844764858
2016-12-02,47710.20590254431,114.97276016836167,10,True,False,-0.008890017209584045
2016-12-09,50277.80952149038,60.01039248113648,10,True,False,0.05381665348900011
2016-12-16,51547.00138994818,202.4010419524202,10,True,False,0.025243579235791902
2016-12-23,51527.8806981719,202.4010419524202,10,True,False,-0.0003709370334004092
2016-12-30,51417.668171373654,202.4010419524202,10,True,False,-0.0021388911266082555
2017-01-06,52222.64480873709,202.4010419524202,10,True,False,0.015655642622307786
2017-01-13,54021.48834559088,202.4010419524202,10,True,False,0.034445661330290145
2017-01-20,55686.949020353604,202.4010419524202,10,True,False,0.0308295962545182
2017-01-27,58567.93761631613,202.4010419524202,10,True,False,0.05173543615954834
2017-02-03,58376.7814082778,202.4010419524202,10,True,False,-0.0032638371064149796
2017-02-10,59236.22416302328,202.4010419524202,10,True,False,0.014722338813691671
2017-02-17,60035.48514362936,202.4010419524202,10,True,False,0.013492773921687462
2017-02-24,59350.998206449796,591.5110419524203,10,True,False,-0.01140137263056995
2017-03-03,60336.21709568625,591.5110419524203,10,True,False,0.016599870583632104
2017-03-10,59560.831571890165,591.5110419524203,10,True,False,-0.012851079519394015
2017-03-17,61295.998842550565,591.5110419524203,10,True,False,0.029132690475720535
2017-03-24,59805.01954300528,591.5110419524203,10,True,False,-0.024324251626523408
2017-03-31,58251.48961861258,591.5110419524203,10,True,False,-0.0259765808332455
2017-04-07,58552.05137665396,591.5110419524203,10,True,False,0.005159726558225941
2017-04-18,55917.30994484549,8.278967596342227,10,True,False,-0.04499827708613813
2017-04-21,56029.13801262503,8.278967596342227,10,True,False,0.001999882825011401
2017-04-28,59852.311775900176,8.278967596342227,10,True,False,0.068235455673326
2017-05-05,60666.50004177695,240.14854031210234,10,True,False,0.013603288523345025
2017-05-12,60832.07906418448,240.14854031210234,10,True,False,0.0027293320414645272
2017-05-19,61503.14708786612,240.14854031210234,10,True,False,0.011031482632273493
2017-05-26,62699.29746037131,240.14854031210234,10,True,False,0.01944860432582929
2017-06-02,66551.6560152114,240.14854031210234,10,True,False,0.06144181371848623
2017-06-09,68261.16368561392,240.14854031210234,10,True,False,0.025686929112805235
2017-06-16,67138.47986393576,240.14854031210234,10,True,False,-0.01644688957910001
2017-06-23,69716.78256302481,240.14854031210234,10,True,False,0.03840275657587555
2017-06-30,67974.92471460944,14.024829431823036,10,True,False,-0.024984771017519503
2017-07-07,66289.02805571204,14.024829431823036,10,True,False,-0.024801743672031806
2017-07-14,67940.05419306403,14.024829431823036,10,True,False,0.024906476769645858
2017-07-21,68329.10788202887,58.27078962927226,9,True,False,0.00572642594395445
2017-07-28,69240.34952392703,3.309715653710157,10,True,False,0.013336068187388417
2017-08-04,69407.55527582293,3.309715653710157,10,True,False,0.0024148600208628856
2017-08-11,66209.75753631716,3.309715653710157,10,True,False,-0.046072761485372093
2017-08-18,67256.1413091672,3.309715653710157,10,True,False,0.015804071964409028
2017-08-25,68253.7351759923,3.309715653710157,10,True,False,0.014832755008041598
2017-09-01,69347.97276344424,3.309715653710157,10,True,False,0.016031907772233067
2017-09-08,69266.84602081424,66.23581993227481,10,True,False,-0.0011698502407091471
2017-09-15,72187.28240120059,66.23581993227481,10,True,False,0.04216210998706038
2017-09-22,75788.32581722384,66.23581993227481,10,True,False,0.049884734488403026
2017-09-29,77402.11646473056,66.23581993227481,10,True,False,0.02129339354188442
2017-10-06,77929.03353035098,66.23581993227481,10,True,False,0.0068075278776196235
2017-10-13,77754.22512352114,66.23581993227481,10,True,False,-0.0022431743204123222
2017-10-20,78164.07308494693,66.23581993227481,10,True,False,0.005271069974328579
2017-10-27,80477.97276794558,66.23581993227481,10,True,False,0.02960311037634855
2017-11-03,82863.65037262088,66.23581993227481,10,True,False,0.02964385809710035
2017-11-10,83356.27698977594,183.92823680048605,10,True,False,0.005945026738984227
2017-11-17,82294.05249865656,183.92823680048605,10,True,False,-0.012743185390221679
2017-11-24,83224.37583335047,183.92823680048605,10,True,False,0.011304867198137947
2017-12-01,78970.4921282113,183.92823680048605,10,True,False,-0.051113434766482224
2017-12-08,79384.40271932726,8.998428174310902,10,True,False,0.005241332299714685
2017-12-15,77738.70695192461,8.998428174310902,10,True,False,-0.02073071927266612
2017-12-22,81548.17301637774,8.998428174310902,10,True,False,0.04900346576138692
2017-12-29,80896.8542164052,8.998428174310902,10,True,False,-0.007986920808657816
2018-01-05,84625.99464399462,8.998428174310902,10,True,False,0.04609747144942977
2018-01-12,85997.43512718326,7.117628022485951,9,True,False,0.016205900905011728
2018-01-19,86808.8928736127,6.0985020077778245,9,True,False,0.00943583660639824
2018-01-26,83529.09289940006,0.34685524111682753,9,True,False,-0.03778184314581445
2018-02-02,79858.3012412656,544.68192993289,10,True,False,-0.04394626507623467
2018-02-09,72983.40261819487,62213.40261819487,2,False,False,-0.0860887160910232
2018-02-16,76657.4028623355,62213.40261819487,2,False,False,0.050340215889368434
2018-02-23,76764.40261819487,62213.40261819487,2,False,False,0.0013958176492299135
2018-03-02,76469.35212991362,65397.35261819487,1,False,False,-0.0038435847634841203
2018-03-09,78133.35237405424,65397.35261819487,1,False,False,0.021760354936885884
2018-03-16,77973.35237405424,65397.35261819487,1,False,False,-0.002047781070931398
2018-03-23,77157.35261819487,65397.35261819487,1,False,False,-0.01046511059246058
2018-04-03,77237.35261819487,65397.35261819487,1,False,False,0.001036842209917177
2018-04-06,76949.35212991362,65397.35261819487,1,False,False,-0.0037287721357426307
2018-04-13,76677.35261819487,65397.35261819487,1,False,False,-0.0035347862482264514
2018-04-20,77477.35261819487,65397.35261819487,1,False,False,0.010433328390763608
2018-04-27,77008.95261819487,77008.95261819487,0,False,False,-0.006045637649859437
2018-05-04,76536.88383065826,2123.126323334046,10,True,False,-0.00613005074717865
2018-05-11,79670.0892711795,2123.126323334046,10,True,False,0.04093719633861248
2018-05-18,80018.53718721039,2123.126323334046,10,True,False,0.004373635315567892
2018-05-25,81733.60541879303,2123.126323334046,10,True,False,0.02143338646106585
2018-06-01,79969.55402820236,9441.55520122177,9,False,False,-0.021582938640133276
2018-06-08,83511.65405418046,1113.8536858714288,10,True,False,0.04429310715836832
2018-06-15,84399.6601588834,2.345851670571392,10,True,False,0.010633319561923926
2018-06-22,83166.73514155514,22351.334918776818,7,False,False,-0.014608175139654178
2018-06-29,82276.7983628381,29572.397647010155,6,False,False,-0.010700633819547
2018-07-06,82180.71068662292,44657.93064206726,4,False,False,-0.0011678587174898114
2018-07-13,82294.41101926452,44657.93064206726,4,False,False,0.0013835403915545275
2018-07-20,82565.09109861022,54820.810642067256,3,False,False,0.0032891672228183566
2018-07-27,83682.09109861022,54820.810642067256,3,False,False,0.013528720009112982
2018-08-03,82661.49072629577,54820.810642067256,3,False,False,-0.012196162391685306
2018-08-10,83519.49072629577,54820.810642067256,3,False,False,0.010379682152611647
2018-08-17,82695.69054013854,54820.810642067256,3,False,False,-0.009863568120367594
2018-08-24,81646.93035398133,60772.85064206726,2,False,False,-0.012682162508192318
2018-08-31,81622.53072629578,60772.85064206726,2,False,False,-0.0002988431724225693
2018-09-07,79577.11322629577,71293.43314206725,1,False,False,-0.02505947171448153
2018-09-14,79577.11322629577,71293.43314206725,1,False,False,0.0
2018-09-21,79577.11322629577,71293.43314206725,1,False,False,0.0
2018-09-28,79577.11322629577,71293.43314206725,1,False,False,0.0
2018-10-05,79577.11322629577,71293.43314206725,1,False,False,0.0
2018-10-12,79577.11322629577,71293.43314206725,1,False,False,0.0
2018-10-19,79577.11322629577,71293.43314206725,1,False,False,0.0
2018-10-26,79577.11322629577,71293.43314206725,1,False,False,0.0
2018-11-02,79577.11322629577,71293.43314206725,1,False,False,0.0
2018-11-09,79577.11322629577,71293.43314206725,1,False,False,0.0
2018-11-16,79577.11322629577,71293.43314206725,1,False,False,0.0
2018-11-23,79577.11322629577,71293.43314206725,1,False,False,0.0
2018-11-30,79577.11322629577,71293.43314206725,1,False,False,0.0
2018-12-07,79577.11322629577,71293.43314206725,1,False,False,0.0
2018-12-14,79577.11322629577,71293.43314206725,1,False,False,0.0
2018-12-21,79577.11322629577,71293.43314206725,1,False,False,0.0
2018-12-28,79577.11322629577,71293.43314206725,1,False,False,0.0
2019-01-04,79577.11322629577,71293.43314206725,1,False,False,0.0
2019-01-11,79577.11322629577,71293.43314206725,1,False,False,0.0
2019-01-18,79577.11322629577,71293.43314206725,1,False,False,0.0
2019-01-25,79577.11322629577,71293.43314206725,1,False,False,0.0
2019-02-01,79577.11322629577,71293.43314206725,1,False,False,0.0
2019-02-08,79577.11322629577,71293.43314206725,1,False,False,0.0
2019-02-15,79577.11322629577,71293.43314206725,1,False,False,0.0
2019-02-22,79577.11322629577,71293.43314206725,1,False,False,0.0
2019-03-01,79577.11322629577,71293.43314206725,1,False,False,0.0
2019-03-08,79577.11322629577,71293.43314206725,1,False,False,0.0
2019-03-15,79577.11322629577,71293.43314206725,1,False,False,0.0
2019-03-22,79577.11322629577,71293.43314206725,1,False,False,0.0
2019-03-29,79577.11322629577,71293.43314206725,1,False,False,0.0
2019-04-05,79577.11322629577,71293.43314206725,1,False,False,0.0
2019-04-12,79577.11322629577,71293.43314206725,1,False,False,0.0
2019-04-23,79577.11322629577,71293.43314206725,1,False,False,0.0
2019-04-26,79577.11322629577,71293.43314206725,1,False,False,0.0
2019-05-03,79577.11322629577,71293.43314206725,1,False,False,0.0
2019-05-10,79577.11322629577,71293.43314206725,1,False,False,0.0
2019-05-17,79577.11322629577,71293.43314206725,1,False,False,0.0
2019-05-24,79577.11322629577,71293.43314206725,1,False,False,0.0
2019-05-31,79577.11322629577,71293.43314206725,1,False,False,0.0
2019-06-07,79577.11322629577,71293.43314206725,1,False,False,0.0
2019-06-14,79577.11322629577,71293.43314206725,1,False,False,0.0
2019-06-21,79577.11322629577,71293.43314206725,1,False,False,0.0
2019-06-28,79148.47064057,3136.2734111846166,10,True,False,-0.0053865058475648375
2019-07-05,82340.95920982964,3136.2734111846166,10,True,False,0.0403354422823583
2019-07-12,81670.65838089593,3136.2734111846166,10,True,False,-0.008140551620556047
2019-07-19,82331.72310677178,3136.2734111846166,10,False,False,0.008094274479737651
2019-07-26,85086.94753304131,3136.2734111846166,10,True,False,0.033464918773732144
2019-08-02,83609.35856308586,2920.1891409362033,10,True,False,-0.017365636126289163
2019-08-09,84057.7277056182,2920.1891409362033,10,True,False,0.005362666933917959
2019-08-16,82795.19973282464,22645.635390325853,7,False,False,-0.015019772806792009
2019-08-23,84442.97246079094,22645.635390325853,7,False,False,0.01990179060239705
2019-08-30,85088.82171715386,103.93669403679269,10,True,False,0.007648348199286836
2019-09-06,86461.81671227104,103.93669403679269,10,True,False,0.01613602077698517
2019-09-13,83835.7793225158,103.93669403679269,10,True,False,-0.030372220820830242
2019-09-20,85327.10444534905,103.93669403679269,10,True,False,0.017788647459172857
2019-09-27,83685.42574744947,1.1594226909392091,10,True,False,-0.019239826647944658
2019-10-04,84002.05600080854,90.21445951826718,10,True,False,0.003783577015125994
2019-10-11,85385.10293112166,90.21445951826718,10,True,False,0.0164644414215267
2019-10-18,85268.15534124739,90.21445951826718,10,True,False,-0.0013696486372875016
2019-10-25,84021.49028807052,90.0394595182679,10,True,False,-0.014620523314802014
2019-11-01,87251.40152082808,185.62353239424556,10,True,False,0.038441489453277855
2019-11-08,91887.48539724715,64.85333624251234,10,True,False,0.053134778302814656
2019-11-15,95384.3554495848,64.85333624251234,10,True,False,0.038055998999428686
2019-11-22,93017.56391134627,64.85333624251234,10,True,False,-0.024813204713528658
2019-11-29,93285.04799261458,64.85333624251234,10,True,False,0.002875629827537196
2019-12-06,94103.1131133116,64.85333624251234,10,True,False,0.008769520285413668
2019-12-13,95268.00737753279,64.85333624251234,10,True,False,0.012378913148372916
2019-12-20,98069.42649069197,64.85333624251234,10,True,False,0.029405665031468242
2019-12-27,99063.79292669661,64.85333624251234,10,True,False,0.010139413184995227
2020-01-03,100938.62160101302,64.85333624251234,10,True,False,0.018925468316196126
2020-01-10,104813.12826910384,64.85333624251234,10,True,False,0.0383847788550733
2020-01-17,105211.4709548033,64.85333624251234,10,True,False,0.003800503737248828
2020-01-24,109231.69075765974,64.85333624251234,10,True,False,0.03821085064558649
2020-01-31,106506.22428503401,64.85333624251234,10,True,False,-0.0249512431211234
2020-02-07,107301.33121862776,64.85333624251234,10,True,False,0.0074653564984696885
2020-02-14,112103.71364202864,64.85333624251234,10,True,False,0.04475603768247738
2020-02-21,112504.62374105818,64.85333624251234,10,True,False,0.00357624280235469
2020-02-28,99302.2085600508,51058.47115999587,5,False,False,-0.11734997853416407
2020-03-06,102311.59017454513,63424.67870603927,4,False,False,0.03030528382130071
2020-03-13,94891.40398649582,86607.7239022673,1,False,False,-0.07252537249582724
2020-03-20,94891.40398649582,86607.7239022673,1,False,False,0.0
2020-03-27,94891.40398649582,86607.7239022673,1,False,False,0.0
2020-04-03,94891.40398649582,86607.7239022673,1,False,False,0.0
2020-04-14,94891.40398649582,86607.7239022673,1,False,False,0.0
2020-04-17,94891.40398649582,86607.7239022673,1,False,False,0.0
2020-04-24,94891.40398649582,86607.7239022673,1,False,False,0.0
2020-05-04,94891.40398649582,86607.7239022673,1,False,False,0.0
2020-05-08,94891.40398649582,86607.7239022673,1,False,True,0.0
2020-05-15,94891.40398649582,86607.7239022673,1,False,True,0.0
2020-05-22,94891.40398649582,86607.7239022673,1,False,False,0.0
2020-05-29,94891.40398649582,86607.7239022673,1,False,False,0.0
2020-06-05,94441.20968535311,14118.66937258608,10,True,False,-0.004744310677569641
2020-06-12,92496.59469988711,14118.66937258608,10,False,False,-0.02059074626367896
2020-06-19,94690.76078799136,14118.66937258608,10,True,False,0.023721587753834594
2020-06-26,97013.67856028445,14118.66937258608,10,False,False,0.024531620117552944
2020-07-03,102219.79869463808,14118.66937258608,10,True,False,0.05366377413591783
2020-07-10,101832.45964243777,14118.66937258608,10,True,False,-0.0037892762179801975
2020-07-17,101935.64931490786,14118.66937258608,10,True,False,0.0010133278998898376
2020-07-24,100669.44908526308,14118.66937258608,10,True,False,-0.01242156437080344
2020-07-31,101882.13996317751,14118.66937258608,10,True,False,0.01204626516717422
2020-08-07,106588.81065466769,14118.66937258608,10,False,False,0.046197210749511886
2020-08-14,107498.55005457766,14118.66937258608,10,True,False,0.008535036598329215
2020-08-21,107881.41832735903,33579.07777693636,8,False,False,0.003561613366756866
2020-08-28,110249.90746596224,33579.07777693636,8,False,False,0.021954560621516794
2020-09-04,105005.33642993815,59630.15709720499,5,False,False,-0.0475698452413057
2020-09-11,105432.65753208048,59630.15709720499,5,False,False,0.0040695179566179185
2020-09-18,104700.78719455608,13573.066514319256,10,True,False,-0.0069415905342394835
2020-09-25,103210.58875352747,43348.80887681849,7,False,False,-0.014232924899213129
2020-10-02,105873.18945009119,43348.80887681849,7,False,False,0.02579774738929319
2020-10-09,106913.28860551721,43348.80887681849,7,False,False,0.009824008899971037
2020-10-16,107477.18931657678,43348.80887681849,7,False,False,0.0052743743870813375
2020-10-23,107545.37396104701,52515.69387681849,6,False,False,0.0006344103795772327
2020-10-30,107599.38416856654,65209.80387681849,4,False,False,0.0005022085611892102
2020-11-06,111227.1844500912,65209.80387681849,4,False,False,0.0337158089663534
2020-11-13,109392.58375352748,65209.80387681849,4,False,False,-0.01649417546289622
2020-11-20,110647.91037401088,75423.23028978237,3,False,False,0.011475427103100344
2020-11-27,111139.30981096157,75423.23028978237,3,False,False,0.00444110905745676
2020-12-04,113121.71065553554,75423.23028978237,3,False,False,0.017837080758787094
2020-12-11,113433.07684906373,11.691775401916857,10,True,False,0.002752488374900164
2020-12-18,120636.4824133719,11.691775401916857,10,True,False,0.06350357201271328
2020-12-28,126369.03727253327,11.691775401916857,10,True,False,0.0475192474488626
2021-01-04,130701.63729198823,11.691775401916857,10,True,False,0.03428529735579988
2021-01-08,132287.0661669577,11.691775401916857,10,True,False,0.012130137830083987
2021-01-15,129356.25188740143,11.691775401916857,10,True,False,-0.02215495712829041
2021-01-22,134766.29533680328,11.691775401916857,10,True,False,0.04182282162992035
2021-01-29,132259.3751765097,11.691775401916857,10,True,False,-0.01860198170490901
2021-02-05,148003.58322819122,11.691775401916857,10,True,False,0.11904039339872674
2021-02-12,155654.90667255767,11.691775401916857,10,True,False,0.05169687974763204
2021-02-19,155754.30219944366,11.691775401916857,10,True,False,0.0006385634029197895
2021-02-26,142342.77524896868,0.9492008329307282,10,True,False,-0.08610694382811646
2021-03-05,131103.74634352932,48.16634217509272,10,True,False,-0.07895749458152279
2021-03-12,137063.94548813114,48.16634217509272,10,True,False,0.0454616996907502
2021-03-19,142894.87311879406,48.16634217509272,10,True,False,0.0425416590037373
2021-03-26,143654.2196926237,48.16634217509272,10,True,False,0.00531402252058677
2021-04-06,151011.69292680034,48.16634217509272,10,True,False,0.05121654797136754
2021-04-09,156407.5915407301,48.16634217509272,10,True,False,0.03573166096843439
2021-04-16,164752.1416648985,48.16634217509272,10,True,False,0.05335131141633487
2021-04-23,162763.03669515857,48.16634217509272,10,True,False,-0.012073317831495678
2021-04-30,164365.2462305189,48.16634217509272,10,True,False,0.009843816924853366
2021-05-07,160387.8098262907,48.16634217509272,10,True,False,-0.024198767655845832
2021-05-14,146588.47074173222,345.88088463076565,10,True,False,-0.08603733101352251
2021-05-21,152766.51740120183,345.88088463076565,10,True,False,0.04214551545704048
2021-05-28,163611.17984054814,345.88088463076565,10,True,False,0.0709884772123568
2021-06-04,162292.43941496144,345.88088463076565,10,True,False,-0.008060209741607594
2021-06-11,159163.1756167246,345.88088463076565,10,True,False,-0.01928163634435065
2021-06-18,156413.65570257435,345.88088463076565,10,True,False,-0.017274849559242633
2021-06-25,158141.35373819122,34.48913753279885,10,True,False,0.011045698202349685
2021-07-02,164390.03476941833,34.48913753279885,10,True,False,0.03951326382074627
2021-07-09,161434.82332885513,34.48913753279885,10,True,False,-0.01797682836863157
2021-07-16,160563.54985606918,34.48913753279885,10,True,False,-0.005397060279931698
2021-07-23,169062.54539668807,34.48913753279885,10,True,False,0.05293228474480971
2021-07-30,170847.96849286804,34.48913753279885,10,True,False,0.010560725274723959
2021-08-06,181106.17884814987,1057.5516375328007,10,True,False,0.06004291678604323
2021-08-13,177522.39937293777,1057.5516375328007,10,True,False,-0.019788278334870846
2021-08-20,181819.20278251418,1057.5516375328007,10,True,False,0.024204288724994694
2021-08-27,188052.03513181457,1057.5516375328007,10,True,False,0.034280385426372684
2021-09-03,189282.01289499053,1057.5516375328007,10,True,False,0.006540624579328913
2021-09-10,189941.02310502777,1057.5516375328007,10,True,False,0.0034816314554031447
2021-09-17,189796.3578768135,7.072580373376695,10,True,False,-0.0007616323522394719
2021-09-24,188866.81244786273,29.532185869307796,10,True,False,-0.0048975936069020065
2021-10-01,176246.76825198182,7710.85786684999,10,True,False,-0.06681980826761036
2021-10-08,177100.26858767518,7710.85786684999,10,True,False,0.0048426438916207015
2021-10-15,194393.30667742738,7710.85786684999,10,True,False,0.09764546506710192
2021-10-22,201018.7497261573,4350.699563841912,10,True,False,0.034082670653491354
2021-10-29,190035.50082955847,4350.699563841912,10,True,False,-0.05463793258868144
2021-11-05,194643.74187360296,4350.699563841912,10,True,False,0.02424936932272237
2021-11-12,203835.0714644004,4350.699563841912,10,True,False,0.0472212951843376
2021-11-19,206393.02013383398,4350.699563841912,10,True,False,0.012549109684887316
2021-11-26,192511.51551467428,65520.27532798299,8,False,False,-0.06725762630033882
2021-12-03,192178.20508421192,96287.72426450977,6,False,False,-0.001731379183064763
2021-12-10,191118.71701364766,30191.668063452347,10,True,False,-0.005513050088588267
2021-12-17,184380.9277642275,30191.668063452347,10,True,False,-0.03525447091055467
2021-12-27,195321.977984717,30191.668063452347,10,True,False,0.05933938153560048
2022-01-03,197630.54777651082,30191.668063452347,10,True,False,0.01181930377530005
2022-01-07,186452.6074402834,30191.668063452347,10,True,False,-0.056559780165503115
2022-01-14,172846.5610371996,43376.31356443654,9,True,False,-0.07297321603529472
2022-01-21,167643.50005130062,143173.62904910336,2,False,False,-0.030102195581312108
2022-01-28,167930.92345217953,143173.62904910336,2,False,False,0.0017144917684905892
2022-02-04,168840.43724612484,143173.62904910336,2,False,True,0.00541599947912097
2022-02-11,169242.03661135922,143173.62904910336,2,False,True,0.002378573354728797
2022-02-18,168112.03563479672,143173.62904910336,2,False,False,-0.006676833954423422
2022-02-25,167697.51795657407,159413.83787234555,1,False,False,-0.0024657227940725335
2022-03-04,167697.51795657407,159413.83787234555,1,False,False,0.0
2022-03-11,167697.51795657407,159413.83787234555,1,False,False,0.0
2022-03-18,167697.51795657407,159413.83787234555,1,False,False,0.0
2022-03-25,167697.51795657407,159413.83787234555,1,False,True,0.0
2022-04-01,167697.51795657407,159413.83787234555,1,False,False,0.0
2022-04-08,167697.51795657407,159413.83787234555,1,False,False,0.0
2022-04-19,167697.51795657407,159413.83787234555,1,False,False,0.0
2022-04-22,167697.51795657407,159413.83787234555,1,False,False,0.0
2022-04-29,167697.51795657407,159413.83787234555,1,False,False,0.0
2022-05-06,167697.51795657407,159413.83787234555,1,False,False,0.0
2022-05-13,167697.51795657407,159413.83787234555,1,False,False,0.0
2022-05-20,167697.51795657407,159413.83787234555,1,False,False,0.0
2022-05-27,167697.51795657407,159413.83787234555,1,False,False,0.0
2022-06-03,167697.51795657407,159413.83787234555,1,False,False,0.0
2022-06-10,167697.51795657407,159413.83787234555,1,False,False,0.0
2022-06-17,167697.51795657407,159413.83787234555,1,False,False,0.0
2022-06-24,167697.51795657407,159413.83787234555,1,False,False,0.0
2022-07-01,167697.51795657407,159413.83787234555,1,False,False,0.0
2022-07-08,167697.51795657407,159413.83787234555,1,False,False,0.0
2022-07-15,167697.51795657407,159413.83787234555,1,False,False,0.0
2022-07-22,167697.51795657407,159413.83787234555,1,False,False,0.0
2022-07-29,167697.51795657407,159413.83787234555,1,False,False,0.0
2022-08-05,167697.51795657407,159413.83787234555,1,False,False,0.0
2022-08-12,167697.51795657407,159413.83787234555,1,False,False,0.0
2022-08-19,167697.51795657407,159413.83787234555,1,False,False,0.0
2022-08-26,167697.51795657407,159413.83787234555,1,False,False,0.0
2022-09-02,167697.51795657407,159413.83787234555,1,False,False,0.0
2022-09-09,167697.51795657407,159413.83787234555,1,False,False,0.0
2022-09-16,167697.51795657407,159413.83787234555,1,False,False,0.0
2022-09-23,167697.51795657407,159413.83787234555,1,False,False,0.0
2022-09-30,167697.51795657407,159413.83787234555,1,False,False,0.0
2022-10-07,167697.51795657407,159413.83787234555,1,False,False,0.0
2022-10-14,167697.51795657407,159413.83787234555,1,False,False,0.0
2022-10-21,167697.51795657407,159413.83787234555,1,False,False,0.0
2022-10-28,167697.51795657407,159413.83787234555,1,False,False,0.0
2022-11-04,167697.51795657407,159413.83787234555,1,False,False,0.0
2022-11-11,167697.51795657407,159413.83787234555,1,False,False,0.0
2022-11-18,167697.51795657407,159413.83787234555,1,False,False,0.0
2022-11-25,167697.51795657407,159413.83787234555,1,False,False,0.0
2022-12-02,167697.51795657407,159413.83787234555,1,False,False,0.0
2022-12-09,166869.02138577623,10886.027141975577,10,True,False,-0.00494042238008785
2022-12-16,163745.2624681465,10886.027141975577,10,True,False,-0.01871982523591398
2022-12-23,162328.18254317445,8043.89303751391,10,True,False,-0.00865417358409204
2022-12-30,160376.47858211916,53295.258614515486,7,False,False,-0.01202319850119804
2023-01-06,163760.16053310555,53295.258614515486,7,False,False,0.021098367920915573
2023-01-13,168720.46728724643,6046.640370611378,10,True,False,0.030290070173313755
2023-01-20,165833.97344303533,6046.640370611378,10,True,False,-0.017108142779718838
2023-01-27,171444.26453948423,6046.640370611378,10,True,False,0.0338307704987606
2023-02-03,173092.0368589203,6046.640370611378,10,True,False,0.009611125364048512
2023-02-10,169266.16833322926,3456.279693540764,10,True,False,-0.022103088016748762
2023-02-17,173367.05823975487,3456.279693540764,10,True,False,0.024227463449472797
2023-02-24,169832.9077840416,3456.279693540764,10,True,False,-0.020385363237956033
2023-03-03,174685.25967555924,3456.279693540764,10,True,False,0.028571329048242333
2023-03-10,170800.65619498177,3456.279693540764,10,True,False,-0.022237729089405134
2023-03-17,159697.01043564244,6676.343849958614,10,True,False,-0.06500938583434768
2023-03-24,161341.3578350298,4866.1976709119845,10,True,False,0.01029666989320388
2023-03-31,168502.2763644807,4866.1976709119845,10,True,False,0.0443836510708735
2023-04-11,167622.54410848542,4866.1976709119845,10,True,False,-0.005220892411520683
2023-04-14,171995.0123283617,4866.1976709119845,10,True,False,0.02608520377215151
2023-04-21,173007.9076215975,4866.1976709119845,10,True,False,0.00588909689603101
2023-04-28,167785.56208268984,7489.231539171773,10,True,False,-0.03018558868609611
2023-05-05,170774.59505502565,7489.231539171773,10,True,False,0.01781460177641936
2023-05-12,172773.25906221254,7489.231539171773,10,True,False,0.01170352069371261
2023-05-19,175766.60179941042,7489.231539171773,10,True,False,0.017325266383497517
2023-05-26,173402.87641183718,7489.231539171773,10,True,False,-0.013448091749937774
2023-06-02,174659.47380868776,7489.231539171773,10,True,False,0.007246692920284348
2023-06-09,173831.16014329775,7489.231539171773,10,True,False,-0.00474244910583721
2023-06-16,175968.71466626987,5876.55726423128,10,True,False,0.012296728165479776
2023-06-23,177018.19924917087,5876.55726423128,10,True,False,0.005964040738101639
2023-06-30,179002.703960322,5876.55726423128,10,True,False,0.011210738328423231
2023-07-07,173274.84187856776,1818.191465531425,10,True,False,-0.031998746136392864
2023-07-14,170091.862706338,1818.191465531425,10,True,False,-0.018369540192455736
2023-07-21,169536.76829210384,1818.191465531425,10,True,False,-0.003263497767630019
2023-07-28,167432.26575087174,2135.3007817135585,10,True,False,-0.012413251487760735
2023-08-04,166892.14045952423,2135.3007817135585,10,True,False,-0.0032259331194333107
2023-08-11,168671.36321877106,2135.3007817135585,10,True,False,0.010660914015170997
2023-08-18,164183.22294227226,3880.542874256211,10,True,False,-0.026608786404824225
2023-08-25,167827.23233245418,1145.4351235489448,10,True,False,0.02219477316183016
2023-09-01,172026.26736019657,1145.4351235489448,10,True,False,0.02501998614518275
2023-09-08,173501.97519873187,1145.4351235489448,10,True,False,0.008578386668388394
2023-09-15,176218.15274189517,1145.4351235489448,10,True,False,0.015655023754352904
2023-09-22,176818.38519905612,1145.4351235489448,10,True,False,0.0034061897019208587
2023-09-29,176239.2792192386,54660.32125052675,7,False,False,-0.003275145733095397
2023-10-06,169248.6511338399,89992.15900737508,5,False,False,-0.03966555081459722
2023-10-13,168807.59215385182,103663.40900737508,4,False,False,-0.0026059822458456283
2023-10-20,167220.91006253465,158937.22997830613,1,False,False,-0.009399352665791616
2023-10-27,167220.91006253465,158937.22997830613,1,False,False,0.0
2023-11-03,167220.91006253465,158937.22997830613,1,False,False,0.0
2023-11-10,167220.91006253465,158937.22997830613,1,False,False,0.0
2023-11-17,166418.46714928525,15646.204415170112,10,True,False,-0.004798699594143585
2023-11-24,168906.3908921756,15646.204415170112,10,True,False,0.014949805664647542
2023-12-01,173868.28636583465,15646.204415170112,10,True,False,0.0293765999465736
2023-12-08,176895.95785596746,15646.204415170112,10,True,False,0.017413592515441945
2023-12-15,179575.9773851909,15646.204415170112,10,True,False,0.015150258726689403
2023-12-22,177406.02571466344,15646.204415170112,10,True,False,-0.0120837525270594
2023-12-29,177573.18690427917,15646.204415170112,10,True,False,0.0009422520398747469
2024-01-05,184007.91674306768,15646.204415170112,10,True,False,0.03623705780680253
2024-01-12,189539.78852703946,15646.204415170112,10,True,False,0.0300632270713439
2024-01-19,187848.1828651108,15646.204415170112,10,True,False,-0.008924805050562368
2024-01-26,190135.43696395474,12050.181964793966,10,True,False,0.0121760778515827
2024-02-02,193378.85427753048,12050.181964793966,10,True,False,0.017058457725535048
2024-02-09,199238.08897769527,5138.81590354519,10,True,False,0.03029925232546793
2024-02-16,202374.87723243312,5138.81590354519,10,True,False,0.015743918599264495
2024-02-23,203551.21547544078,5138.81590354519,10,True,False,0.005812669334724907
2024-03-01,217415.49739635066,5138.81590354519,10,True,False,0.06811200752855573
2024-03-08,215810.68817365245,5138.81590354519,10,True,False,-0.007381300974017679
2024-03-15,212453.18082055644,27.85395583706122,10,True,False,-0.015557650927809363
2024-03-22,217860.20698413448,27.85395583706122,10,True,False,0.025450436386475817
2024-04-02,217612.5642586668,27.85395583706122,10,True,False,-0.0011367047194887903
2024-04-05,214911.0058203657,27.85395583706122,10,True,False,-0.012414533358882096
2024-04-12,207293.51188716487,27.85395583706122,10,True,False,-0.03544487591095247
2024-04-19,206731.56515082912,27.85395583706122,10,True,False,-0.0027108746975237352
2024-04-26,210898.0838989599,10.78284877376791,10,True,False,0.020154245652283187
2024-05-03,213218.08375018672,10.78284877376791,10,True,False,0.011000573397045743
2024-05-10,230086.90275302486,81.77062907772415,10,True,False,0.07911532974192848
2024-05-17,232582.1109191473,81.77062907772415,10,True,False,0.010844633641754031
2024-05-24,235298.34141460017,81.77062907772415,10,True,False,0.01167858733725713
2024-05-31,236474.15107455806,81.77062907772415,10,True,False,0.004997101351794431
2024-06-07,240220.53851047115,81.77062907772415,10,True,False,0.015842693245283757
2024-06-14,222310.64138713435,81.77062907772415,10,True,False,-0.07455606100290257
2024-06-21,237137.5890704687,81.77062907772415,10,True,False,0.06669472766044748
2024-06-28,237411.92098155574,81.77062907772415,10,True,False,0.0011568470108951345
2024-07-05,244086.49061885432,81.77062907772415,10,True,False,0.028113877389573494
2024-07-12,245959.22753886777,64.03562907772721,10,True,False,0.007672431666600366
2024-07-19,238961.40545825558,64.03562907772721,10,True,False,-0.028451146763771473
2024-07-26,238405.76539210873,64.03562907772721,10,True,False,-0.00232522931927559
2024-08-02,230779.68931588728,1071.8713532407892,10,True,False,-0.03198780056211625
2024-08-09,232748.94415132125,50.69530145246608,10,True,False,0.008533050899199646
2024-08-16,247024.9933895262,50.69530145246608,10,True,False,0.06133668743486731
2024-08-23,248622.26722184737,50.69530145246608,10,True,False,0.006466041392833688
2024-08-30,253099.09807435592,50.69530145246608,10,True,False,0.018006556301386478
2024-09-06,239713.34567491134,50.69530145246608,10,True,False,-0.05288739668093201
2024-09-13,252324.03973832686,238.31030145247132,10,True,False,0.052607392500030326
2024-09-20,251304.0589415129,238.31030145247132,10,True,False,-0.00404234490646127
2024-09-27,256746.02944818098,238.31030145247132,10,True,False,0.021654924833246048
2024-10-04,252401.53162446577,238.31030145247132,10,True,False,-0.016921382710582744
2024-10-11,261023.734236389,238.31030145247132,10,True,False,0.03416065883764818
2024-10-18,270997.18123689253,238.31030145247132,10,True,False,0.03820896605314572
2024-10-25,267978.55870500166,238.31030145247132,10,True,False,-0.011138944390909122
2024-11-01,266448.6190096434,238.31030145247132,10,True,False,-0.005709186969105495
2024-11-08,266449.5548504027,0.9846714170744235,10,True,False,3.512274759698286e-06
2024-11-15,268770.27921221335,7501.219191766577,10,True,False,0.008709807614854626
2024-11-22,275579.3600161608,2821.7991917665786,10,True,False,0.025334202962862706
2024-11-29,270695.8709059008,4.5710096605616855,10,True,False,-0.017720808662788246
2024-12-06,274544.4659738787,4.5710096605616855,10,True,False,0.014217413273051926
2024-12-13,267500.27087023336,4.5710096605616855,10,True,False,-0.025657756672157972
2024-12-20,262639.27607744775,47.37389296134643,10,True,False,-0.018171924749727508
2024-12-27,263387.7412120684,47.37389296134643,10,True,False,0.0028497837254164438
2025-01-03,266286.37133806787,47.37389296134643,10,True,False,0.011005182369765665
2025-01-10,265584.2359635027,0.4416453035737504,10,True,False,-0.002636767969149023
2025-01-17,270033.4202753695,0.4416453035737504,10,True,False,0.016752441257387618
2025-01-24,268963.82516637165,2.268821862548066,10,True,False,-0.003960973082172914
2025-01-31,268383.99274745304,2.268821862548066,10,True,False,-0.0021558007607898055
2025-02-07,275144.743822244,2.268821862548066,10,True,False,0.025190589817153386
2025-02-14,277070.65139212925,2.268821862548066,10,True,False,0.00699961606800481
2025-02-21,276245.19222113927,2.1996381028584437,10,True,False,-0.002979237125413703
2025-02-28,286086.4583125695,0.875678597301885,10,True,False,0.035625112648302926
2025-03-07,284602.8595260962,0.875678597301885,10,True,False,-0.005185840655387963
2025-03-14,294820.32353383565,2.224504294606959,10,True,False,0.03590077775308709
2025-03-21,308326.9245861199,2.224504294606959,10,True,False,0.04581299175846709
2025-03-28,305643.4988730576,2.224504294606959,10,True,False,-0.008703183209394894
2025-04-04,275105.55779134296,265.1672173645238,10,True,False,-0.09991359605001093
2025-04-11,285033.6855198052,265.1672173645238,10,True,False,0.03608843023081465
2025-04-22,305103.3240767624,265.1672173645238,10,True,False,0.07041146214124483
2025-04-25,312020.7550693657,265.1672173645238,10,True,False,0.022672420936531434
2025-05-02,330193.7291961815,265.1672173645238,10,True,False,0.0582428374765509
2025-05-09,340659.6900073197,265.1672173645238,10,True,False,0.03169642511569282
2025-05-16,341897.25744639896,265.1672173645238,10,True,False,0.003632855531139345
2025-05-23,340687.97563802265,265.1672173645238,10,True,False,-0.0035369742869783005
2025-05-30,345382.74422608875,265.1672173645238,10,True,False,0.013780259133812978
2025-06-06,347168.3186487915,34863.959870791645,10,True,False,0.005169842595071694
2025-06-13,337519.9633707764,34863.959870791645,10,True,False,-0.027791577628878517
2025-06-20,342322.1362585785,34863.959870791645,10,True,False,0.014227818822458271
2025-06-27,350444.87194678804,34863.959870791645,10,True,False,0.023728338976226393
2025-07-04,346306.5578855326,32284.167786007143,10,True,False,-0.011808744805613225
2025-07-11,352105.5871475985,32284.167786007143,10,True,False,0.016745363695892523
2025-07-18,356065.3605722239,32284.167786007143,10,True,False,0.011245982935696786
2025-07-25,351271.8450244715,32284.167786007143,10,True,False,-0.013462459645186553
2025-08-01,348782.26300895715,32284.167786007143,10,True,False,-0.007087337202732358
2025-08-08,344294.5947021296,32284.167786007143,10,True,False,-0.012866675811184503
2025-08-15,347595.76262128854,32284.167786007143,10,True,False,0.009588207221246092
2025-08-22,353424.757319813,32284.167786007143,10,True,False,0.016769464203380657
2025-08-29,347287.7893437197,32284.167786007143,10,True,False,-0.017364284332067825
2025-09-05,345985.6640672662,5431.522186277129,10,True,False,-0.003749412782160233
2025-09-12,356562.2124152162,5431.522186277129,10,True,False,0.03056932539810009
2025-09-19,358927.8727869966,5431.522186277129,10,True,False,0.0066346356663997685
2025-09-26,364798.84175586485,5431.522186277129,10,True,False,0.016356960308714585
2025-10-03,374310.71216058516,5431.522186277129,10,True,False,0.026074288939453183
2025-10-10,368130.2689580896,5431.522186277129,10,True,False,-0.016511531734747842
2025-10-17,348299.1826604059,13783.964901750303,10,True,False,-0.053869752014174654
2025-10-24,358623.88934213424,13783.964901750303,10,True,False,0.029643212490093607
2025-10-31,359253.7571552446,13783.964901750303,10,True,False,0.0017563465006913415
2025-11-07,345001.84640899743,0.09966305338821257,10,True,False,-0.03967087459043184
2025-11-14,355445.5731430396,0.09966305338821257,10,True,False,0.030271509682476383
2025-11-21,337760.0185528358,156871.22493582568,6,False,False,-0.049756013090326845
2025-11-28,346625.94959067664,28790.20562207066,10,True,False,0.026249202246694914
2025-12-05,351695.41742336116,28790.20562207066,10,True,False,0.014625182675073622
2025-12-12,367484.6560811933,28790.20562207066,10,True,False,0.04489463858673348
2025-12-19,378101.3609131511,28790.20562207066,10,True,False,0.02889019896823153
2025-12-29,380634.7873805698,28790.20562207066,10,True,False,0.006700389708463872
2026-01-02,385886.26207553706,28790.20562207066,10,True,False,0.013796623086151927
2026-01-09,406663.77146255336,28790.20562207066,10,True,False,0.05384360996751192
2026-01-16,413075.90796076617,28790.20562207066,10,True,False,0.015767661021663493
2026-01-23,413574.49296867213,28790.20562207066,10,True,False,0.0012070057785924515
2026-01-30,424500.79532205424,28790.20562207066,10,True,False,0.02641918817321698
2026-02-06,429096.4477218326,28790.20562207066,10,True,False,0.01082601599436761
2026-02-13,431958.17800008616,28790.20562207066,10,True,False,0.006669200580538659
2026-02-20,449854.714832991,29940.305622070668,10,True,False,0.0414311795548441
2026-02-27,472522.54875394667,29940.305622070668,10,True,False,0.05038923273121876
2026-03-06,437511.06557958445,101571.69140975796,8,False,False,-0.07409484111750508
2026-03-13,428405.6486627074,265112.6086846801,4,False,False,-0.02081185513517192
2026-03-20,424579.83593378746,307067.87921152794,3,False,False,-0.00893035080387583
2026-03-27,420680.8439446517,353997.0034524032,2,False,False,-0.00918317748312425
2026-04-07,422525.9053727218,353997.0034524032,2,False,False,0.004385893616569936
2026-04-10,423729.20231257164,353997.0034524032,2,False,False,0.0028478654788950397
