yf_ticker,name,has_data,rows,start_date,end_date,pct_nan_close,last_close
ANDR.VI,Andritz,True,5337,2005-01-03,2026-04-10,0.0,67.5999984741211
ATS.VI,AT&S,True,4611,2007-11-02,2026-04-10,0.0,66.5999984741211
BG.VI,BAWAG Group,True,2133,2017-10-25,2026-04-10,0.0,140.89999389648438
EBS.VI,Erste Group Bank,True,5337,2005-01-03,2026-04-10,0.0,103.80000305175781
FLU.VI,Flughafen Wien,True,5337,2005-01-03,2026-04-10,0.0,52.400001525878906
LNZ.VI,Lenzing,True,5337,2005-01-03,2026-04-10,0.0,24.899999618530273
OMV.VI,OMV,True,5337,2005-01-03,2026-04-10,0.0,59.400001525878906
PAL.VI,Palfinger,True,5337,2005-01-03,2026-04-10,0.0,36.849998474121094
POST.VI,Oesterreichische Post,True,4970,2006-05-31,2026-04-10,0.0,36.04999923706055
RBI.VI,Raiffeisen Bank International,True,5257,2005-04-25,2026-04-10,0.0,44.2400016784668
SBO.VI,Schoeller-Bleckmann,True,5337,2005-01-03,2026-04-10,0.0,36.45000076293945
UQA.VI,UNIQA Insurance,True,5337,2005-01-03,2026-04-10,0.0,16.479999542236328
VER.VI,Verbund,True,5337,2005-01-03,2026-04-10,0.0,66.75
VOE.VI,voestalpine,True,5337,2005-01-03,2026-04-10,0.0,43.119998931884766
WIE.VI,Wienerberger,True,5337,2005-01-03,2026-04-10,0.0,25.3799991607666
ABLX.BR,Ablynx,True,2638,2007-11-07,2018-06-13,0.0,45.02000045776367
AD.BR,Delhaize Group,False,0,,,,
AGFB.BR,Agfa-Gevaert,True,5447,2005-01-03,2026-04-10,0.0,0.49000000953674316
BAR.BR,Barco,True,5447,2005-01-03,2026-04-10,0.0,9.619999885559082
BEFB.BR,Befimmo-Sicafi,False,0,,,,
BEKB.BR,Bekaert,True,5447,2005-01-03,2026-04-10,0.0,42.150001525878906
BPOST.BR,Bpost,True,3275,2013-06-21,2026-04-10,0.0,1.8940000534057617
DIE.BR,D'Ieteren,True,5447,2005-01-03,2026-04-10,0.0,170.8000030517578
DL.BR,Delta Lloyd,False,0,,,,
ELE.BR,Electrabel,False,0,,,,
ENGI.BR,Engie,False,0,,,,
EVS.BR,EVS Broadcast Equipment,True,5447,2005-01-03,2026-04-10,0.0,34.900001525878906
GLPG.BR,Galapagos,True,5358,2005-05-06,2026-04-10,0.0,15.989999771118164
INGA.BR,ING Group,True,5447,2005-01-03,2026-04-10,0.0,7.980000019073486
NAT.BR,CNP,False,0,,,,
NOLONGERLISTED.BR,Almanij,False,0,,,,
NYR.BR,Nyrstar,True,4718,2007-10-29,2026-04-10,0.0,0.09220000356435776
OBEL.BR,Mobistar,True,5447,2005-01-03,2026-04-10,0.0,20.700000762939453
OME.BR,Omega Pharma,False,0,,,,
ONTEX.BR,Ontex Group,True,3018,2014-06-25,2026-04-10,0.0,2.9649999141693115
REC.BR,Recticel,False,0,,,,
TESB.BR,Tessenderlo,True,5447,2005-01-03,2026-04-10,0.0,21.549999237060547
THR.BR,ThromboGenics,False,0,,,,
ALK-B.CO,ALK-Abello,True,5330,2005-01-03,2026-04-10,0.0,212.8000030517578
AMBUB.CO,Ambu,False,0,,,,
BAVA.CO,Bavarian Nordic,True,5330,2005-01-03,2026-04-10,0.0,197.39999389648438
CARLB.CO,Carlsberg Group (class B),False,0,,,,
CHEMM.CO,ChemoMetec,True,4820,2006-12-18,2026-04-10,0.0,303.3999938964844
COLOB.CO,Coloplast (class B),False,0,,,,
DANSKE.CO,Danske Bank,True,5330,2005-01-03,2026-04-10,0.0,327.20001220703125
DEMANT.CO,Demant,True,5330,2005-01-03,2026-04-10,0.0,198.3000030517578
DSV.CO,DSV,True,5330,2005-01-03,2026-04-10,0.0,1673.0
GMAB.CO,Genmab,True,5330,2005-01-03,2026-04-10,0.0,1790.0
GN.CO,GN Store Nord,True,5330,2005-01-03,2026-04-10,0.0,96.68000030517578
ISS.CO,ISS,True,3014,2014-03-13,2026-04-10,0.0,243.8000030517578
JYSK.CO,Jyske Bank,True,5330,2005-01-03,2026-04-10,0.0,918.0
MAERSKA.CO,A.P. Møller-Mærsk (class A),False,0,,,,
MAERSKB.CO,A.P. Møller-Mærsk (class B),False,0,,,,
NDA.CO,Nordea Bank Abp,False,0,,,,
NKT.CO,NKT,True,5330,2005-01-03,2026-04-10,0.0,929.0
NOVOB.CO,Novo Nordisk,False,0,,,,
NSISB.CO,Novonesis,False,0,,,,
ORSTED.CO,Ørsted,True,2462,2016-06-09,2026-04-10,0.0,164.5500030517578
PNDORA.CO,Pandora,True,3979,2010-05-10,2026-04-10,0.0,485.29998779296875
RBREW.CO,Royal Unibrew,True,5330,2005-01-03,2026-04-10,0.0,559.0
ROCKB.CO,Rockwool International,False,0,,,,
SYDB.CO,Sydbank,False,0,,,,
TOP.CO,Topdanmark,False,0,,,,
TRYG.CO,Tryg,True,5126,2005-10-14,2026-04-10,0.0,153.8000030517578
VWS.CO,Vestas Wind Systems,True,5330,2005-01-03,2026-04-10,0.0,197.5
ZEAL.CO,Zealand Pharma,True,3840,2010-11-23,2026-04-10,0.0,287.79998779296875
ELISA.HE,Elisa,True,5363,2005-01-03,2026-04-10,0.0,41.81999969482422
FORTUM.HE,Fortum,True,5363,2005-01-03,2026-04-10,0.0,22.3799991607666
HIAB.HE,Hiab,True,262,2025-03-24,2026-04-10,0.0,47.31999969482422
HUH1V.HE,Huhtamäki,True,5363,2005-01-03,2026-04-10,0.0,29.020000457763672
KALMAR.HE,Kalmar  B,True,445,2024-07-01,2026-04-10,0.0,48.540000915527344
KCR.HE,Konecranes,True,5363,2005-01-03,2026-04-10,0.0,30.780000686645508
KEMIRA.HE,Kemira,True,5363,2005-01-03,2026-04-10,0.0,20.18000030517578
KESKOB.HE,Kesko B,True,5363,2005-01-03,2026-04-10,0.0,19.860000610351562
KNEBV.HE,KONE,True,5256,2005-06-01,2026-04-10,0.0,57.20000076293945
KOJAMO.HE,Kojamo,True,1963,2018-06-15,2026-04-10,0.0,8.390000343322754
MANTA.HE,Mandatum,True,631,2023-10-02,2026-04-10,0.0,7.315000057220459
METSO.HE,Metso,True,4902,2006-10-10,2026-04-10,0.0,16.329999923706055
NDA-FI.HE,Nordea,True,5363,2005-01-03,2026-04-10,0.0,15.789999961853027
NESTE.HE,Neste,True,5288,2005-04-18,2026-04-10,0.0,25.68000030517578
NOKIA.HE,Nokia,True,5363,2005-01-03,2026-04-10,0.0,8.034000396728516
ORNBV.HE,Orion,True,5363,2005-01-03,2026-04-10,0.0,73.0999984741211
OUT1V.HE,Outokumpu,True,5363,2005-01-03,2026-04-10,0.0,5.239999771118164
QTCOM.HE,Qt Group,True,2499,2016-05-02,2026-04-10,0.0,18.600000381469727
REG1V.HE,Revenio,True,5363,2005-01-03,2026-04-10,0.0,19.639999389648438
SAMPO.HE,Sampo A,True,5363,2005-01-03,2026-04-10,0.0,9.300000190734863
STERV.HE,Stora Enso R,True,5363,2005-01-03,2026-04-10,0.0,10.345000267028809
TIETO.HE,TietoEVRY,True,5363,2005-01-03,2026-04-10,0.0,18.139999389648438
TYRES.HE,Nokian Tyres,True,5363,2005-01-03,2026-04-10,0.0,9.609999656677246
UPM.HE,UPM-Kymmene,True,5363,2005-01-03,2026-04-10,0.0,26.649999618530273
VALMT.HE,Valmet,True,3082,2014-01-02,2026-04-10,0.0,25.780000686645508
WRT1V.HE,Wärtsilä,True,5363,2005-01-03,2026-04-10,0.0,35.66999816894531
AI.PA,Air Liquide,True,5445,2005-01-03,2026-04-10,0.0,188.5399932861328
BAIN.PA,Bain de Bretagne,True,5445,2005-01-03,2026-04-10,0.0,130.0
BIG.PA,Bigben Interactive,True,5445,2005-01-03,2026-04-10,0.0,0.2840000092983246
BN.PA,Danone,True,5445,2005-01-03,2026-04-10,0.0,69.18000030517578
BOI.PA,Boiron,True,5445,2005-01-03,2026-04-10,0.0,26.899999618530273
COFA.PA,Coface,True,3017,2014-06-27,2026-04-10,0.0,15.829999923706055
CRI.PA,Chargeurs,True,5445,2005-01-03,2026-04-10,0.0,8.59000015258789
DBG.PA,Derichebourg,True,5445,2005-01-03,2026-04-10,0.0,9.050000190734863
DEC.PA,JCDecaux,True,5445,2005-01-03,2026-04-10,0.0,19.56999969482422
DG.PA,Vinci,True,5445,2005-01-03,2026-04-10,0.0,135.64999389648438
DIM.PA,Sartorius Stedim Biotech,True,5445,2005-01-03,2026-04-10,0.0,170.3000030517578
ELIS.PA,Elis,True,2857,2015-02-11,2026-04-10,0.0,26.059999465942383
EN.PA,Bouygues,True,5445,2005-01-03,2026-04-10,0.0,52.540000915527344
FNAC.PA,Fnac Darty,True,3276,2013-06-24,2026-04-10,0.0,35.400001525878906
GBT.PA,Guerbet,True,5445,2005-01-03,2026-04-10,0.0,9.319999694824219
GTT.PA,GTT,True,3101,2014-02-27,2026-04-10,0.0,199.89999389648438
HEXA.PA,Hexaom,False,0,,,,
IPN.PA,Ipsen,True,5203,2005-12-07,2026-04-10,0.0,170.8000030517578
ITP.PA,Interparfums,True,5445,2005-01-03,2026-04-10,0.0,23.899999618530273
KOF.PA,Kaufman and Broad,True,5445,2005-01-03,2026-04-10,0.0,29.399999618530273
LDC.PA,LDC SA,False,0,,,,
MDM.PA,Maisons du Monde,True,2528,2016-05-27,2026-04-10,0.0,0.75
ML.PA,Michelin,True,5445,2005-01-03,2026-04-10,0.0,30.450000762939453
MRN.PA,Mersen,True,5445,2005-01-03,2026-04-10,0.0,25.239999771118164
MTR.PA,Manitou,False,0,,,,
NXI.PA,Nexity,True,5445,2005-01-03,2026-04-10,0.0,8.585000038146973
POM.PA,Plastic Omnium,False,0,,,,
RCO.PA,Remy Cointreau,True,5445,2005-01-03,2026-04-10,0.0,39.619998931884766
RF.PA,Eurazeo,True,5445,2005-01-03,2026-04-10,0.0,43.459999084472656
RI.PA,Pernod Ricard,True,5445,2005-01-03,2026-04-10,0.0,65.22000122070312
RUI.PA,Rubis,True,5445,2005-01-03,2026-04-10,0.0,35.70000076293945
SK.PA,SEB SA,True,5445,2005-01-03,2026-04-10,0.0,47.619998931884766
SOI.PA,Soitec,True,5445,2005-01-03,2026-04-10,0.0,63.7400016784668
SPIE.PA,Spie,True,2775,2015-06-10,2026-04-10,0.0,47.86000061035156
SU.PA,Schneider Electric,True,5445,2005-01-03,2026-04-10,0.0,260.20001220703125
SW.PA,Sodexo,True,5445,2005-01-03,2026-04-10,0.0,39.63999938964844
THEP.PA,Thermador Groupe,True,5445,2005-01-03,2026-04-10,0.0,73.0
TRI.PA,Trigano,True,5445,2005-01-03,2026-04-10,0.0,152.39999389648438
UBI.PA,Ubisoft,True,5445,2005-01-03,2026-04-10,0.0,4.0
VCT.PA,Vicat,True,5445,2005-01-03,2026-04-10,0.0,68.0999984741211
VETO.PA,Vetoquinol,True,4959,2006-11-17,2026-04-10,0.0,80.19999694824219
VIRP.PA,Virbac,True,5445,2005-01-03,2026-04-10,0.0,360.0
1COV.DE,Covestro,True,1,2025-12-22,2025-12-22,0.0,59.97999954223633
1U1.DE,1&1 AG,True,5408,2005-01-03,2026-04-10,0.0,24.200000762939453
8TRA.DE,Traton,True,1724,2019-07-01,2026-04-10,0.0,33.29999923706055
ADS.DE,Adidas,True,5408,2005-01-03,2026-04-10,0.0,137.8000030517578
AFX.DE,Carl Zeiss Meditec,True,5408,2005-01-03,2026-04-10,0.0,25.940000534057617
AG1.DE,Auto1 Group,True,1318,2021-02-08,2026-04-10,0.0,18.75
AIR.DE,Airbus,True,5408,2005-01-03,2026-04-10,0.0,169.4199981689453
AIXA.DE,Aixtron,True,5408,2005-01-03,2026-04-10,0.0,38.16999816894531
ALV.DE,Allianz,True,5408,2005-01-03,2026-04-10,0.0,377.29998779296875
AOF.DE,Atoss Software,True,5408,2005-01-03,2026-04-10,0.0,73.9000015258789
AT1.DE,Aroundtown,True,2510,2016-05-26,2026-04-10,0.0,2.5260000228881836
BAS.DE,BASF,True,5408,2005-01-03,2026-04-10,0.0,54.70000076293945
BAYN.DE,Bayer,True,5408,2005-01-03,2026-04-10,0.0,40.119998931884766
BC8.DE,Bechtle,True,5408,2005-01-03,2026-04-10,0.0,29.780000686645508
BEI.DE,Beiersdorf,True,5408,2005-01-03,2026-04-10,0.0,75.30000305175781
BFSA.DE,Befesa,True,2101,2017-12-29,2026-04-10,0.0,33.79999923706055
BMW.DE,BMW,True,5408,2005-01-03,2026-04-10,0.0,83.83999633789062
BNR.DE,Brenntag,True,4073,2010-03-29,2026-04-10,0.0,58.47999954223633
BOSS.DE,Hugo Boss,True,5408,2005-01-03,2026-04-10,0.0,37.2400016784668
BVB.DE,Borussia Dortmund,True,5408,2005-01-03,2026-04-10,0.0,3.130000114440918
BYW6.DE,BayWa,True,5408,2005-01-03,2026-04-10,0.0,2.674999952316284
CBK.DE,Commerzbank,True,5408,2005-01-03,2026-04-10,0.0,34.560001373291016
COK.DE,CANCOM,True,5408,2005-01-03,2026-04-10,0.0,24.549999237060547
CON.DE,Continental,True,5408,2005-01-03,2026-04-10,0.0,65.16000366210938
COP.DE,CompuGroup Medical,False,0,,,,
CWC.DE,CEWE Stiftung,True,5408,2005-01-03,2026-04-10,0.0,93.0
DB1.DE,Deutsche Boerse,True,5408,2005-01-03,2026-04-10,0.0,252.5
DBAN.DE,Deutsche Beteiligungs AG,True,5408,2005-01-03,2026-04-10,0.0,24.450000762939453
DBK.DE,Deutsche Bank,True,5408,2005-01-03,2026-04-10,0.0,27.709999084472656
DEQ.DE,Deutsche EuroShop,True,5408,2005-01-03,2026-04-10,0.0,19.780000686645508
DHER.DE,Delivery Hero,True,2229,2017-06-30,2026-04-10,0.0,17.020000457763672
DHL.DE,DHL Group,True,5389,2005-01-03,2026-04-10,0.0,49.13999938964844
DMP.DE,Dermapharm,True,2030,2018-04-12,2026-04-10,0.0,43.95000076293945
DRW3.DE,Draegerwerk,True,5408,2005-01-03,2026-04-10,0.0,94.5
DTE.DE,Deutsche Telekom,True,5408,2005-01-03,2026-04-10,0.0,30.989999771118164
DTG.DE,Daimler Truck,True,1102,2021-12-10,2026-04-10,0.0,44.29999923706055
ECV.DE,Encavis,False,0,,,,
ELG.DE,Elmos Semiconductor,True,5408,2005-01-03,2026-04-10,0.0,174.0
ENR.DE,Siemens Energy,True,1408,2020-09-29,2026-04-10,0.0,167.22000122070312
EOAN.DE,E.ON,True,5408,2005-01-03,2026-04-10,0.0,19.59000015258789
EUZ.DE,Eckert und Ziegler,True,5408,2005-01-03,2026-04-10,0.0,14.619999885559082
EVD.DE,CTS Eventim,True,5408,2005-01-03,2026-04-10,0.0,53.849998474121094
EVK.DE,Evonik,True,3238,2013-07-08,2026-04-10,0.0,17.360000610351562
EVT.DE,Evotec,True,5408,2005-01-03,2026-04-10,0.0,4.53000020980835
FNTN.DE,Freenet,True,5408,2005-01-03,2026-04-10,0.0,27.639999389648438
FPE3.DE,Fuchs Petrolub,True,5408,2005-01-03,2026-04-10,0.0,38.29999923706055
FRA.DE,Fraport,True,5408,2005-01-03,2026-04-10,0.0,79.69999694824219
FRE.DE,Fresenius Medical Care,True,5408,2005-01-03,2026-04-10,0.0,44.70000076293945
FTK.DE,flatexDEGIRO,True,3982,2010-08-05,2026-04-10,0.0,34.220001220703125
G1A.DE,GEA Group,True,5408,2005-01-03,2026-04-10,0.0,62.25
G24.DE,Scout24,True,2674,2015-10-01,2026-04-10,0.0,65.3499984741211
GBF.DE,Bilfinger,True,5408,2005-01-03,2026-04-10,0.0,110.69999694824219
GFT.DE,GFT Technologies,True,5408,2005-01-03,2026-04-10,0.0,17.3799991607666
GXI.DE,Gerresheimer,True,4783,2007-06-11,2026-04-10,0.0,17.06999969482422
HAG.DE,Hensoldt,True,1410,2020-09-25,2026-04-10,0.0,76.72000122070312
HBH.DE,Hornbach Holding,True,4642,2007-12-28,2026-04-10,0.0,83.5999984741211
HDD.DE,Heidelberger Druckmaschinen,True,5408,2005-01-03,2026-04-10,0.0,1.375
HEI.DE,Heidelberg Materials,True,5408,2005-01-03,2026-04-10,0.0,189.6999969482422
HEN3.DE,Henkel,True,5408,2005-01-03,2026-04-10,0.0,66.69999694824219
HFG.DE,HelloFresh,True,2140,2017-11-02,2026-04-10,0.0,3.859999895095825
HLE.DE,Hella,True,2897,2014-11-11,2026-04-10,0.0,74.0
HNR1.DE,Hannover Re,True,5408,2005-01-03,2026-04-10,0.0,272.79998779296875
HOT.DE,Hochtief,True,5408,2005-01-03,2026-04-10,0.0,452.20001220703125
HYQ.DE,Hypoport,True,4683,2007-10-29,2026-04-10,0.0,80.8499984741211
IFX.DE,Infineon Technologies,True,5408,2005-01-03,2026-04-10,0.0,42.82500076293945
INH.DE,Indus Holding,True,5408,2005-01-03,2026-04-10,0.0,28.0
IXX.DE,INIT Innovation,True,5408,2005-01-03,2026-04-10,0.0,40.599998474121094
JEN.DE,Jenoptik,True,5408,2005-01-03,2026-04-10,0.0,30.81999969482422
JUN3.DE,Jungheinrich,True,5408,2005-01-03,2026-04-10,0.0,28.739999771118164
KBX.DE,Knorr-Bremse,True,1901,2018-10-12,2026-04-10,0.0,106.19999694824219
KGX.DE,KION Group,True,3238,2013-07-08,2026-04-10,0.0,45.040000915527344
KRN.DE,Krones,True,5408,2005-01-03,2026-04-10,0.0,123.4000015258789
KTN.DE,Kontron,True,5408,2005-01-03,2026-04-10,0.0,19.610000610351562
KWS.DE,KWS Saat,True,5408,2005-01-03,2026-04-10,0.0,74.5999984741211
LEG.DE,LEG Immobilien,True,3238,2013-07-08,2026-04-10,0.0,59.79999923706055
LHA.DE,Lufthansa,True,5408,2005-01-03,2026-04-10,0.0,7.943999767303467
LPK.DE,LPKF Laser,True,5408,2005-01-03,2026-04-10,0.0,7.599999904632568
LXS.DE,Lanxess,True,5408,2005-01-03,2026-04-10,0.0,18.65999984741211
MBB.DE,MBB SE,True,5060,2006-05-09,2026-04-10,0.0,182.1999969482422
MBG.DE,Mercedes-Benz Group,True,5408,2005-01-03,2026-04-10,0.0,53.880001068115234
MRK.DE,Merck KGaA,True,5408,2005-01-03,2026-04-10,0.0,111.8499984741211
MTX.DE,MTU Aero Engines,True,5298,2005-06-06,2026-04-10,0.0,327.70001220703125
MUV2.DE,Munich Re,True,5408,2005-01-03,2026-04-10,0.0,549.4000244140625
NA9.DE,Nagarro,True,1351,2020-12-17,2026-04-10,0.0,44.939998626708984
NB2.DE,Northern Data,True,1906,2018-10-05,2026-04-10,0.0,8.744999885559082
NDA.DE,Aurubis,True,5408,2005-01-03,2026-04-10,0.0,177.60000610351562
NDX1.DE,Nordex,True,5408,2005-01-03,2026-04-10,0.0,45.959999084472656
NEM.DE,Nemetschek,True,5408,2005-01-03,2026-04-10,0.0,61.29999923706055
NOEJ.DE,Norma Group,True,3804,2011-04-14,2026-04-10,0.0,15.420000076293945
P911.DE,Porsche AG,True,896,2022-09-30,2026-04-10,0.0,40.93000030517578
PAH3.DE,Porsche Automobil Holding,True,4369,2009-01-28,2026-04-10,0.0,32.2599983215332
PAT.DE,Patrizia,True,5084,2006-03-31,2026-04-10,0.0,7.179999828338623
PBB.DE,Deutsche Pfandbriefbank,True,2729,2015-07-16,2026-04-10,0.0,3.171999931335449
PNE3.DE,PNE AG,True,5408,2005-01-03,2026-04-10,0.0,8.800000190734863
PUM.DE,Puma,True,5408,2005-01-03,2026-04-10,0.0,24.75
QIA.DE,Qiagen,False,0,,,,
RAA.DE,Rational,True,5408,2005-01-03,2026-04-10,0.0,688.0
RDC.DE,Redcare Pharmacy,True,2201,2017-08-09,2026-04-10,0.0,39.68000030517578
RHM.DE,Rheinmetall,True,5408,2005-01-03,2026-04-10,0.0,1463.800048828125
RIB.DE,RIB Software,False,0,,,,
RRTL.DE,RTL Group,True,4681,2007-10-31,2026-04-10,0.0,38.0
RWE.DE,RWE,True,5408,2005-01-03,2026-04-10,0.0,59.040000915527344
S92.DE,SMA Solar Technology,True,4479,2008-08-20,2026-04-10,0.0,47.040000915527344
SAP.DE,SAP,True,5408,2005-01-03,2026-04-10,0.0,139.3800048828125
SAX.DE,Ströer,True,3993,2010-07-21,2026-04-10,0.0,34.560001373291016
SBS.DE,Stratec SE,True,5408,2005-01-03,2026-04-10,0.0,17.760000228881836
SDF.DE,K+S,True,5408,2005-01-03,2026-04-10,0.0,15.640000343322754
SFQ.DE,SAF-Holland,True,4750,2007-07-26,2026-04-10,0.0,17.920000076293945
SGL.DE,SGL Carbon,True,5408,2005-01-03,2026-04-10,0.0,3.9100000858306885
SHL.DE,Siemens Healthineers,True,2030,2018-04-12,2026-04-10,0.0,37.77000045776367
SIE.DE,Siemens,True,5408,2005-01-03,2026-04-10,0.0,229.4499969482422
SMHN.DE,SUESS MicroTec,True,5408,2005-01-03,2026-04-10,0.0,60.95000076293945
SRT3.DE,Sartorius,True,5408,2005-01-03,2026-04-10,0.0,214.39999389648438
STM.DE,Stabilus,True,2510,2016-05-26,2026-04-10,0.0,18.1200008392334
STO3.DE,Sto SE,True,5408,2005-01-03,2026-04-10,0.0,112.19999694824219
SY1.DE,Symrise,True,4906,2006-12-11,2026-04-10,0.0,73.19999694824219
SZG.DE,Salzgitter,True,5408,2005-01-03,2026-04-10,0.0,47.81999969482422
TEG.DE,TAG Tegernsee Immobilien und Beteiligung,True,5408,2005-01-03,2026-04-10,0.0,14.90999984741211
TKA.DE,ThyssenKrupp,True,5408,2005-01-03,2026-04-10,0.0,8.543999671936035
TLX.DE,Talanx,True,3427,2012-10-04,2026-04-10,0.0,114.4000015258789
TMV.DE,TeamViewe,True,1662,2019-09-25,2026-04-10,0.0,4.203999996185303
TPE.DE,PVA TePla,True,5408,2005-01-03,2026-04-10,0.0,33.13999938964844
TTR1.DE,technotrans,True,5408,2005-01-03,2026-04-10,0.0,28.549999237060547
TUI1.DE,TUI,True,5408,2005-01-03,2026-04-10,0.0,7.26800012588501
UTDI.DE,United Internet,True,5408,2005-01-03,2026-04-10,0.0,27.979999542236328
VBK.DE,Verbio,True,4946,2006-10-16,2026-04-10,0.0,37.20000076293945
VNA.DE,Vonovia,True,3235,2013-07-11,2026-04-10,0.0,23.1299991607666
VOW3.DE,Volkswagen,True,5408,2005-01-03,2026-04-10,0.0,89.04000091552734
WAC.DE,Wacker Neuson,True,4801,2007-05-15,2026-04-10,0.0,19.799999237060547
WAF.DE,Siltronic,True,2754,2015-06-11,2026-04-10,0.0,60.0
WCH.DE,Wacker Chemie,True,5078,2006-04-10,2026-04-10,0.0,91.19999694824219
YSN.DE,Secunet Security,True,5408,2005-01-03,2026-04-10,0.0,179.39999389648438
ZAL.DE,Zalando,True,2925,2014-10-01,2026-04-10,0.0,21.979999542236328
ALPHA.AT,Alpha Services and Holdings,True,191,2025-07-02,2026-04-09,0.0,3.640000104904175
EUROB.AT,Eurobank Ergasias,True,5307,2005-01-03,2026-04-09,0.0,3.7320001125335693
MYTIL.AT,Mytilineos,False,0,,,,
OPHR.AT,Ophrys,False,0,,,,
PPC.AT,Public Power Corp,True,5324,2005-01-03,2026-04-09,0.0,19.290000915527344
A2A.MI,A2A,True,5406,2005-01-03,2026-04-10,0.0,2.5329999923706055
AMP.MI,Amplifon,True,5406,2005-01-03,2026-04-10,0.0,9.196000099182129
AVIO.MI,Avio,True,2717,2015-07-31,2026-04-10,0.0,34.560001373291016
AZM.MI,Azimut,True,5406,2005-01-03,2026-04-10,0.0,35.099998474121094
BAMI.MI,Banco BPM,True,5406,2005-01-03,2026-04-10,0.0,12.675000190734863
BC.MI,Brunello Cucinelli,True,3539,2012-04-27,2026-04-10,0.0,83.83999633789062
BMED.MI,Banca Mediolanum,True,5406,2005-01-03,2026-04-10,0.0,18.540000915527344
BMPS.MI,Banca Monte dei Paschi di Siena,True,5406,2005-01-03,2026-04-10,0.0,8.079999923706055
BPE.MI,BPER Banca,True,5406,2005-01-03,2026-04-10,0.0,12.279999732971191
BZU.MI,Buzzi,True,5406,2005-01-03,2026-04-10,0.0,49.11000061035156
CPR.MI,Campari,True,5406,2005-01-03,2026-04-10,0.0,6.6620001792907715
CRL.MI,Carel Industries,True,1988,2018-06-11,2026-04-10,0.0,24.899999618530273
DAL.MI,Datalogic,True,5406,2005-01-03,2026-04-10,0.0,5.230000019073486
DIA.MI,Diasorin,True,4753,2007-07-19,2026-04-10,0.0,61.099998474121094
DLG.MI,De Longhi,True,5406,2005-01-03,2026-04-10,0.0,33.939998626708984
ENEL.MI,Enel,True,5406,2005-01-03,2026-04-10,0.0,9.866000175476074
ENI.MI,Eni,True,5406,2005-01-03,2026-04-10,0.0,23.950000762939453
FBK.MI,FinecoBank,True,2990,2014-07-02,2026-04-10,0.0,20.770000457763672
FCT.MI,Fincantieri,True,2989,2014-07-03,2026-04-10,0.0,13.779999732971191
G.MI,Generali,True,5406,2005-01-03,2026-04-10,0.0,35.900001525878906
HER.MI,Hera,True,5406,2005-01-03,2026-04-10,0.0,4.171999931335449
IG.MI,Italgas,True,2392,2016-11-07,2026-04-10,0.0,10.555000305175781
INW.MI,INWIT,True,2746,2015-06-22,2026-04-10,0.0,7.5
ISP.MI,Intesa Sanpaolo,True,5406,2005-01-03,2026-04-10,0.0,5.6570000648498535
IVG.MI,Iveco Group,True,1084,2022-01-03,2026-04-10,0.0,19.200000762939453
JUVE.MI,Juventus FC,True,5406,2005-01-03,2026-04-10,0.0,2.049999952316284
LDO.MI,Leonardo,True,5266,2005-07-18,2026-04-10,0.0,56.310001373291016
LTMC.MI,Lottomatica Group,True,744,2023-05-03,2026-04-10,0.0,26.68000030517578
MARR.MI,MARR,True,5285,2005-06-21,2026-04-10,0.0,8.279999732971191
MB.MI,Mediobanca,True,5406,2005-01-03,2026-04-10,0.0,18.075000762939453
MONC.MI,Moncler,True,3124,2013-12-16,2026-04-10,0.0,54.380001068115234
NEXI.MI,Nexi,True,1771,2019-04-18,2026-04-10,0.0,3.4170000553131104
PIA.MI,Piaggio,True,5013,2006-07-11,2026-04-10,0.0,1.5880000591278076
PRY.MI,Prysmian,True,4808,2007-05-03,2026-04-10,0.0,119.80000305175781
PST.MI,Poste italiane,True,2655,2015-10-27,2026-04-10,0.0,21.559999465942383
RACE.MI,Ferrari,True,2609,2016-01-04,2026-04-10,0.0,301.6499938964844
REC.MI,Recordati,True,5406,2005-01-03,2026-04-10,0.0,48.84000015258789
REY.MI,Reply,True,5406,2005-01-03,2026-04-10,0.0,83.69999694824219
SFER.MI,Salvatore Ferragamo,True,3752,2011-06-29,2026-04-10,0.0,7.635000228881836
SPM.MI,Saipem,True,5406,2005-01-03,2026-04-10,0.0,4.132999897003174
SRG.MI,Snam,True,5406,2005-01-03,2026-04-10,0.0,6.797999858856201
STLAM.MI,Stellantis,True,5406,2005-01-03,2026-04-10,0.0,6.890999794006348
STMMI.MI,STMicroelectronics,True,5406,2005-01-03,2026-04-10,0.0,33.8849983215332
TEN.MI,Tenaris,True,5406,2005-01-03,2026-04-10,0.0,25.459999084472656
TGYM.MI,Technogym,True,2525,2016-05-03,2026-04-10,0.0,19.5
TIT.MI,Telecom Italia,True,5406,2005-01-03,2026-04-10,0.0,0.6394000053405762
TNXT.MI,Tinexta,True,2965,2014-08-06,2026-04-10,0.0,15.0
TOD.MI,Tods,False,0,,,,
TRN.MI,Terna,True,5406,2005-01-03,2026-04-10,0.0,10.319999694824219
UCG.MI,UniCredit,True,5406,2005-01-03,2026-04-10,0.0,68.5199966430664
UNI.MI,Unipol,True,5406,2005-01-03,2026-04-10,0.0,21.610000610351562
ZV.MI,Zignago Vetro,True,4784,2007-06-06,2026-04-10,0.0,7.21999979019165
AALB.AS,Aalberts,True,5450,2005-01-03,2026-04-10,0.0,32.2599983215332
ABN.AS,ABN AMRO,True,2657,2015-11-20,2026-04-10,0.0,29.059999465942383
AD.AS,Ahold Delhaize,True,4467,2008-10-24,2026-04-10,0.0,40.97999954223633
ADYEN.AS,Adyen,True,2004,2018-06-13,2026-04-10,0.0,858.7999877929688
AF.AS,Air France-KLM,False,0,,,,
AGN.AS,Aegon,True,5450,2005-01-03,2026-04-10,0.0,6.757999897003174
AKZA.AS,AkzoNobel,True,5450,2005-01-03,2026-04-10,0.0,52.119998931884766
ALFEN.AS,Alfen,True,2060,2018-03-22,2026-04-10,0.0,9.600000381469727
AMG.AS,Advanced Metallurgical Group,True,4798,2007-07-11,2026-04-10,0.0,33.08000183105469
APAM.AS,Aperam,True,3890,2011-01-26,2026-04-10,0.0,40.08000183105469
ARCAD.AS,Arcadis,True,5450,2005-01-03,2026-04-10,0.0,29.34000015258789
ASM.AS,ASM International,True,5450,2005-01-03,2026-04-10,0.0,757.7999877929688
ASML.AS,ASML Holding,True,5450,2005-01-03,2026-04-10,0.0,1270.0
ASRNL.AS,ASR Nederland,True,2517,2016-06-10,2026-04-10,0.0,61.560001373291016
BESI.AS,BE Semiconductors,True,5450,2005-01-03,2026-04-10,0.0,211.5
BFIT.AS,Basic-Fit,True,2517,2016-06-10,2026-04-10,0.0,31.579999923706055
BOKA.AS,Boskalis,False,0,,,,
CRBN.AS,Corbion,True,5450,2005-01-03,2026-04-10,0.0,19.110000610351562
DSFIR.AS,DSM Firmenich AG,True,761,2023-04-18,2026-04-10,0.0,62.619998931884766
ECMPA.AS,Eurocommercial Properties,True,1146,2021-10-19,2026-04-10,0.0,28.149999618530273
EXO.AS,Exor,True,935,2022-08-12,2026-04-10,0.0,68.8499984741211
FAGR.AS,Fagron,True,4736,2007-10-05,2026-04-10,0.0,6.417140007019043
FLOW.AS,Flow traders,True,2752,2015-07-10,2026-04-10,0.0,28.440000534057617
FUR.AS,Fugro,True,5450,2005-01-03,2026-04-10,0.0,11.039999961853027
GLPG.AS,Galapagos,True,5361,2005-05-06,2026-04-10,0.0,24.399999618530273
GVNV.AS,GrandVision,False,0,,,,
HEIA.AS,Heineken,True,5450,2005-01-03,2026-04-10,0.0,68.33999633789062
IMCD.AS,IMCD,True,3016,2014-06-27,2026-04-10,0.0,91.91999816894531
INGA.AS,ING Group,True,5450,2005-01-03,2026-04-10,0.0,24.584999084472656
INPST.AS,InPost,True,1333,2021-01-27,2026-04-10,0.0,15.1899995803833
INTER.AS,Intertrust,False,0,,,,
JDEP.AS,JDE PEET'S,True,1504,2020-05-29,2026-04-10,0.0,31.719999313354492
KPN.AS,KPN,True,5450,2005-01-03,2026-04-10,0.0,4.823999881744385
MT.AS,ArcelorMittal,True,5305,2005-07-25,2026-04-10,0.0,52.040000915527344
NN.AS,NN Group,True,3013,2014-07-02,2026-04-10,0.0,71.4000015258789
OCI.AS,OCI,True,3376,2013-01-25,2026-04-10,0.0,3.635999917984009
PHIA.AS,Philips,True,5450,2005-01-03,2026-04-10,0.0,24.270000457763672
PNL.AS,PostNL,True,5450,2005-01-03,2026-04-10,0.0,1.1139999628067017
PRX.AS,Prosus,True,1685,2019-09-11,2026-04-10,0.0,41.55500030517578
RAND.AS,Randstad,True,5450,2005-01-03,2026-04-10,0.0,21.790000915527344
REN.AS,RELX,True,5450,2005-01-03,2026-04-10,0.0,28.360000610351562
SBMO.AS,SBM Offshore,True,5450,2005-01-03,2026-04-10,0.0,36.7599983215332
SHELL.AS,Shell plc,True,5450,2005-01-03,2026-04-10,0.0,39.26499938964844
TWEKA.AS,TKH Group,True,5450,2005-01-03,2026-04-10,0.0,40.70000076293945
UMG.AS,Universal Music Group,True,1166,2021-09-21,2026-04-10,0.0,19.424999237060547
UNA.AS,Unilever,True,1369,2020-12-04,2026-04-10,0.0,49.66999816894531
VPK.AS,Vopak,True,5450,2005-01-03,2026-04-10,0.0,43.939998626708984
WDP.AS,WDP,False,0,,,,
WKL.AS,Wolters Kluwer,True,5450,2005-01-03,2026-04-10,0.0,62.68000030517578
ATEA.OL,Atea,True,5356,2005-01-03,2026-04-10,0.0,141.0
AUTO.OL,AutoStore,True,1122,2021-10-21,2026-04-10,0.0,10.149999618530273
BAKKA.OL,Bakkafrost,True,4026,2010-03-26,2026-04-10,0.0,473.3999938964844
BRG.OL,Borregaard,True,3378,2012-10-18,2026-04-10,0.0,176.60000610351562
CRAYN.OL,Crayon,False,0,,,,
HEX.OL,Hexagon Composites,True,5356,2005-01-03,2026-04-10,0.0,10.279999732971191
KIT.OL,Kitron,True,5356,2005-01-03,2026-04-10,0.0,104.5999984741211
OSEAKRBP.OL,Aker BP,False,0,,,,
OSEBWLPG.OL,BW LPG,False,0,,,,
OSEDNB.OL,DNB Bank,False,0,,,,
OSEEQNR.OL,Equinor,False,0,,,,
OSEFRO.OL,Frontline,False,0,,,,
OSEGJF.OL,Gjensidige Forsikring,False,0,,,,
OSEGOGL.OL,Golden Ocean Group,False,0,,,,
OSEHAFNI.OL,Hafnia Limited,False,0,,,,
OSEHAUTO.OL,Höegh Autoliners ASA,False,0,,,,
OSEKOG.OL,Kongsberg Gruppen,False,0,,,,
OSEMOWI.OL,Mowi,False,0,,,,
OSEMPCC.OL,MPC Container Ships,False,0,,,,
OSENAS.OL,Norwegian Air Shuttle,False,0,,,,
OSENHY.OL,Norsk Hydro,False,0,,,,
OSENOD.OL,Nordic Semiconductor,False,0,,,,
OSEORK.OL,Orkla,False,0,,,,
OSESALM.OL,SalMar,False,0,,,,
OSESTB.OL,Storebrand,False,0,,,,
OSESUBC.OL,Subsea 7,False,0,,,,
OSETEL.OL,Telenor,False,0,,,,
OSETGS.OL,TGS ASA,False,0,,,,
OSETOM.OL,Tomra Systems,False,0,,,,
OSEVAR.OL,Vår Energi ASA,False,0,,,,
OSEWAWI.OL,Wallenius Wilhelmsen,False,0,,,,
OSEYAR.OL,Yara International,False,0,,,,
ACP.WA,Asseco Poland,True,5451,2005-01-03,2026-04-10,0.0,177.85000610351562
ALE.WA,Allegro,True,1373,2020-10-13,2026-04-10,0.0,27.700000762939453
ATC.WA,Arctic Paper,True,4134,2010-02-22,2026-04-10,0.0,7.860000133514404
BFT.WA,Benefit Systems,True,3828,2011-04-26,2026-04-10,0.0,3710.0
BHW.WA,Bank Handlowy,True,5451,2005-01-03,2026-04-10,0.0,119.19999694824219
CCC.WA,CCC,True,5451,2005-01-03,2026-04-10,0.0,91.08000183105469
CDR.WA,CD Projekt,True,5451,2005-01-03,2026-04-10,0.0,246.39999389648438
CMR.WA,Comarch,False,0,,,,
DNP.WA,Dino Polska,True,2279,2017-04-19,2026-04-10,0.0,34.400001525878906
ING.WA,ING Bank Slaski,True,5451,2005-01-03,2026-04-10,0.0,454.79998779296875
KGH.WA,KGHM,True,5451,2005-01-03,2026-04-10,0.0,313.20001220703125
LPP.WA,LPP,True,5451,2005-01-03,2026-04-10,0.0,23440.0
LVC.WA,LiveChat Software,False,0,,,,
PCO.WA,Pepco,True,1219,2021-05-27,2026-04-10,0.0,28.020000457763672
PEO.WA,Pekao,True,5451,2005-01-03,2026-04-10,0.0,247.8000030517578
PKN.WA,PKN Orlen,True,5451,2005-01-03,2026-04-10,0.0,128.5800018310547
PZU.WA,PZU,True,4078,2010-05-11,2026-04-10,0.0,68.08000183105469
TEN.WA,Ten Square Games,True,1908,2018-09-25,2026-04-10,0.0,106.0
ALTR.LS,Altri,True,5452,2005-01-03,2026-04-10,0.0,4.900000095367432
BCP.LS,Banco Comercial Português,True,5452,2005-01-03,2026-04-10,0.0,0.9010000228881836
COR.LS,Corticeira Amorim,True,5452,2005-01-03,2026-04-10,0.0,6.710000038146973
CTT.LS,CTT Correios de Portugal,True,3157,2013-12-05,2026-04-10,0.0,6.755000114440918
EDP.LS,Energias de Portugal,True,5452,2005-01-03,2026-04-10,0.0,4.735000133514404
EDPR.LS,EDP Renováveis,True,4570,2008-06-04,2026-04-10,0.0,14.460000038146973
EGL.LS,Mota-Engil,True,5452,2005-01-03,2026-04-10,0.0,4.953999996185303
GALP.LS,Galp Energia,True,4981,2006-10-24,2026-04-10,0.0,19.31999969482422
IBS.LS,Ibersol,True,5452,2005-01-03,2026-04-10,0.0,11.34000015258789
JMT.LS,Jerónimo Martins,True,5452,2005-01-03,2026-04-10,0.0,20.84000015258789
NBA.LS,Novabase,True,5452,2005-01-03,2026-04-10,0.0,9.140000343322754
NOS.LS,NOS,True,5452,2005-01-03,2026-04-10,0.0,5.565000057220459
NVG.LS,The Navigator Company,True,5452,2005-01-03,2026-04-10,0.0,3.3980000019073486
PHR.LS,Pharol,True,5452,2005-01-03,2026-04-10,0.0,0.07729999721050262
RENE.LS,Redes Energéticas Nacionais,True,4800,2007-07-10,2026-04-10,0.0,3.924999952316284
SEM.LS,Semapa,True,5452,2005-01-03,2026-04-10,0.0,22.700000762939453
SON.LS,Sonae,True,5452,2005-01-03,2026-04-10,0.0,2.049999952316284
SONC.LS,Sonae Capital,False,0,,,,
A3M.MC,Atresmedia,True,5440,2005-01-03,2026-04-10,0.0,5.039999961853027
ACS.MC,ACS,True,5440,2005-01-03,2026-04-10,0.0,120.0
ACX.MC,Acerinox,True,5440,2005-01-03,2026-04-10,0.0,13.359999656677246
AENA.MC,AENA,True,2855,2015-02-11,2026-04-10,0.0,26.799999237060547
AMS.MC,Amadeus IT Group,True,4081,2010-04-29,2026-04-10,0.0,49.2599983215332
ANA.MC,Acciona,True,5440,2005-01-03,2026-04-10,0.0,239.8000030517578
ANE.MC,Acciona Energía,True,1221,2021-07-02,2026-04-10,0.0,22.139999389648438
BBVA.MC,BBVA,True,5440,2005-01-03,2026-04-10,0.0,19.704999923706055
BKT.MC,Bankinter,True,5440,2005-01-03,2026-04-10,0.0,14.494999885559082
CABK.MC,CaixaBank,True,4726,2007-10-10,2026-04-10,0.0,10.654999732971191
CAF.MC,CAF,True,5440,2005-01-03,2026-04-10,0.0,61.099998474121094
CIE.MC,CIE Automotive,True,5440,2005-01-03,2026-04-10,0.0,29.25
CLNX.MC,Cellnex Telecom,True,2797,2015-05-07,2026-04-10,0.0,30.049999237060547
COL.MC,Inmobiliaria Colonial,True,5440,2005-01-03,2026-04-10,0.0,5.355000019073486
ELE.MC,Endesa,True,5440,2005-01-03,2026-04-10,0.0,38.529998779296875
ENG.MC,Enagás,True,5440,2005-01-03,2026-04-10,0.0,17.25
FDR.MC,Fluidra,True,4711,2007-10-31,2026-04-10,0.0,20.860000610351562
FER.MC,Ferrovial,True,5440,2005-01-03,2026-04-10,0.0,60.84000015258789
GRF.MC,Grifols,True,5086,2006-05-17,2026-04-10,0.0,8.934000015258789
IAG.MC,International Airlines Group,True,3891,2011-01-24,2026-04-10,0.0,4.456999778747559
IBE.MC,Iberdrola,True,5440,2005-01-03,2026-04-10,0.0,20.31999969482422
IDR.MC,Indra,True,5440,2005-01-03,2026-04-10,0.0,50.459999084472656
ITX.MC,Inditex,True,5440,2005-01-03,2026-04-10,0.0,54.0
LOG.MC,Logista,True,3004,2014-07-14,2026-04-10,0.0,33.380001068115234
MAP.MC,Mapfre,True,5440,2005-01-03,2026-04-10,0.0,4.1020002365112305
MRL.MC,Merlin Properties,True,3014,2014-06-30,2026-04-10,0.0,15.020000457763672
MTS.MC,ArcelorMittal,True,5034,2006-07-28,2026-04-10,0.0,52.0
NTGY.MC,Naturgy,True,5440,2005-01-03,2026-04-10,0.0,26.799999237060547
PUIG.MC,Puig,False,0,,,,
RED.MC,Redeia Corporación,True,5440,2005-01-03,2026-04-10,0.0,15.34000015258789
REP.MC,Repsol,True,5440,2005-01-03,2026-04-10,0.0,21.600000381469727
ROVI.MC,Laboratorios Rovi,True,4686,2007-12-05,2026-04-10,0.0,83.3499984741211
SAB.MC,Banco Sabadell,True,5440,2005-01-03,2026-04-10,0.0,3.2669999599456787
SAN.MC,Santander,True,5440,2005-01-03,2026-04-10,0.0,10.515999794006348
SCYR.MC,Sacyr,True,5440,2005-01-03,2026-04-10,0.0,4.6579999923706055
SLR.MC,Solaria,True,4807,2007-06-19,2026-04-10,0.0,23.1299991607666
TEF.MC,Telefónica,True,5440,2005-01-03,2026-04-10,0.0,3.8429999351501465
UNI.MC,Unicaja,True,2244,2017-06-30,2026-04-10,0.0,2.759999990463257
VID.MC,Vidrala,True,5440,2005-01-03,2026-04-10,0.0,79.0999984741211
VIS.MC,Viscofan,True,5440,2005-01-03,2026-04-10,0.0,62.099998474121094
ABB.ST,ABB Ltd,True,5361,2005-01-03,2026-04-10,0.0,843.7999877929688
ADDT-B.ST,Addtech B,True,5361,2005-01-03,2026-04-10,0.0,324.79998779296875
ADDV-B.ST,AddLife,True,2628,2015-09-14,2026-02-25,0.0,1.7300000190734863
ALFA.ST,Alfa Laval,True,5361,2005-01-03,2026-04-10,0.0,548.4000244140625
ANOD-B.ST,Addnode Group,True,5361,2005-01-03,2026-04-10,0.0,63.5
ASSA-B.ST,Assa Abloy B,True,5361,2005-01-03,2026-04-10,0.0,365.8999938964844
ATCO-A.ST,Atlas Copco A,True,5361,2005-01-03,2026-04-10,0.0,179.5
AZN.ST,AstraZeneca,True,5361,2005-01-03,2026-04-10,0.0,1899.0
BEIA-B.ST,Beijer Alma,True,5361,2005-01-03,2026-04-10,0.0,263.5
BEIJ-B.ST,Beijer Ref,True,5361,2005-01-03,2026-04-10,0.0,140.89999389648438
BOL.ST,Boliden,True,5361,2005-01-03,2026-04-10,0.0,543.7999877929688
BUFAB.ST,Bufab,True,3047,2014-02-21,2026-04-10,0.0,113.4000015258789
CINT.ST,CINT Group,True,1292,2021-02-19,2026-04-10,0.0,3.740000009536743
EMBRAC-B.ST,Embracer Group,True,2357,2016-11-22,2026-04-10,0.0,51.2400016784668
EPI-A.ST,Epiroc A,True,1961,2018-06-18,2026-04-10,0.0,256.79998779296875
EQT.ST,EQT,True,1644,2019-09-24,2026-04-10,0.0,293.20001220703125
ERIC-B.ST,Ericsson B,True,5361,2005-01-03,2026-04-10,0.0,110.94999694824219
ESSITY-B.ST,Essity B,True,2216,2017-06-15,2026-04-10,0.0,248.60000610351562
EVO.ST,Evolution,True,2779,2015-03-20,2026-04-10,0.0,601.2000122070312
FNOX.ST,Fortnox,False,0,,,,
HEXA-B.ST,Hexagon B,True,5361,2005-01-03,2026-04-10,0.0,94.5199966430664
HM-B.ST,Hennes & Mauritz B,True,5361,2005-01-03,2026-04-10,0.0,175.10000610351562
HMS.ST,HMS Networks,True,4639,2007-10-19,2026-04-10,0.0,459.20001220703125
HPOL-B.ST,Hexpol,True,5361,2005-01-03,2026-04-10,0.0,77.05000305175781
HTRO.ST,Hexatronic,True,3710,2011-07-05,2026-04-10,0.0,35.08000183105469
INDU-C.ST,Industrivärden C,True,5361,2005-01-03,2026-04-10,0.0,499.29998779296875
INVE-B.ST,Investor B,True,5361,2005-01-03,2026-04-10,0.0,373.79998779296875
LAGR-B.ST,Lagercrantz,True,5361,2005-01-03,2026-04-10,0.0,216.1999969482422
LIFCO-B.ST,Lifco B,True,2858,2014-11-21,2026-04-10,0.0,292.0
MCOV-B.ST,Medicover,True,2232,2017-05-23,2026-04-10,0.0,193.8000030517578
MIPS.ST,MIPS,True,2272,2017-03-23,2026-04-10,0.0,252.0
MTRS.ST,Munters,True,2234,2017-05-19,2026-04-10,0.0,191.85000610351562
NDA-SE.ST,Nordea Bank Abp,True,5361,2005-01-03,2026-04-10,0.0,171.35000610351562
NIBE-B.ST,Nibe Industrier B,True,5361,2005-01-03,2026-04-10,0.0,39.08000183105469
NMAN.ST,Nederman,True,4748,2007-05-16,2026-04-10,0.0,144.39999389648438
SAAB-B.ST,Saab B,True,5361,2005-01-03,2026-04-10,0.0,610.0
SAND.ST,Sandvik,True,5361,2005-01-03,2026-04-10,0.0,402.5
SCA-B.ST,SCA B,True,5361,2005-01-03,2026-04-10,0.0,108.4000015258789
SEB-A.ST,SEB A,True,5361,2005-01-03,2026-04-10,0.0,181.5
SECT-B.ST,Sectra,True,5361,2005-01-03,2026-04-10,0.0,235.1999969482422
SHB-A.ST,Handelsbanken A,True,5361,2005-01-03,2026-04-10,0.0,128.8000030517578
SKA-B.ST,Skanska B,True,5361,2005-01-03,2026-04-10,0.0,255.89999389648438
SKF-B.ST,SKF B,True,5361,2005-01-03,2026-04-10,0.0,239.0
SUS.ST,Surgical Science,True,2214,2017-06-19,2026-04-10,0.0,31.639999389648438
SWEC-B.ST,Sweco,True,5361,2005-01-03,2026-04-10,0.0,142.6999969482422
SWED-A.ST,Swedbank A,True,5361,2005-01-03,2026-04-10,0.0,330.0
TEL2-B.ST,Tele2 B,True,5361,2005-01-03,2026-04-10,0.0,197.14999389648438
TELIA.ST,Telia Company,True,5361,2005-01-03,2026-04-10,0.0,48.61000061035156
TROAX.ST,Troax,True,2774,2015-03-27,2026-04-10,0.0,105.4000015258789
VIT-B.ST,Vitec Software,True,5361,2005-01-03,2026-04-10,0.0,231.1999969482422
VITR.ST,Vitrolife,True,5361,2005-01-03,2026-04-10,0.0,96.69999694824219
VOLV-B.ST,Volvo B,True,5361,2005-01-03,2026-04-10,0.0,326.29998779296875
ABBN.SW,ABB Ltd,True,5363,2005-01-03,2026-04-10,0.0,71.83999633789062
ADEN.SW,Adecco,True,5363,2005-01-03,2026-04-10,0.0,17.989999771118164
ALC.SW,Alcon Inc,True,1760,2019-04-08,2026-04-10,0.0,61.599998474121094
AMS.SW,ams,True,5363,2005-01-03,2026-04-10,0.0,10.40999984741211
AVOL.SW,Avolta,True,5122,2005-12-06,2026-04-10,0.0,52.20000076293945
BAER.SW,Julius Bär,True,5363,2005-01-03,2026-04-10,0.0,62.279998779296875
BALN.SW,Bâloise,False,0,,,,
BARN.SW,Barry Callebaut,True,5363,2005-01-03,2026-04-10,0.0,1329.0
BEAN.SW,Belimo,True,5363,2005-01-03,2026-04-10,0.0,708.0
BKW.SW,BKW Energie,True,3594,2011-12-12,2026-04-10,0.0,158.60000610351562
CFR.SW,Compagnie Financière Richemont SA,True,5363,2005-01-03,2026-04-10,0.0,153.35000610351562
CLN.SW,Clariant,True,5363,2005-01-03,2026-04-10,0.0,8.430000305175781
EMSN.SW,Ems-Chemie,True,5363,2005-01-03,2026-04-10,0.0,663.0
FHZN.SW,Flughafen Zürich,True,5363,2005-01-03,2026-04-10,0.0,250.39999389648438
FI-N.SW,Georg Fischer,False,0,,,,
GALE.SW,Galenica,True,2259,2017-04-07,2026-04-10,0.0,91.3499984741211
GEBN.SW,Geberit AG,True,5363,2005-01-03,2026-04-10,0.0,552.0
GIVN.SW,Givaudan SA,True,5363,2005-01-03,2026-04-10,0.0,2808.0
HELN.SW,Helvetia Insurance,False,0,,,,
HOLN.SW,Holcim Limited,True,5363,2005-01-03,2026-04-10,0.0,72.5199966430664
KNIN.SW,Kuehne + Nagel,True,5363,2005-01-03,2026-04-10,0.0,181.10000610351562
LISNLISP.SW,Lindt & Sprüngli,False,0,,,,
LOGN.SW,Logitech International SA,True,5363,2005-01-03,2026-04-10,0.0,72.66000366210938
LONN.SW,Lonza Group AG,True,5363,2005-01-03,2026-04-10,0.0,515.0
MBTN.SW,Meyer Burger,False,0,,,,
NESN.SW,Nestlé SA,True,5363,2005-01-03,2026-04-10,0.0,79.0999984741211
NOVN.SW,Novartis International AG,True,5363,2005-01-03,2026-04-10,0.0,121.76000213623047
PGHN.SW,Partners Group Holding AG,True,5044,2006-03-24,2026-04-10,0.0,859.5999755859375
PSPN.SW,PSP Swiss Property,True,5363,2005-01-03,2026-04-10,0.0,158.10000610351562
RO.SW,Roche (bearer share),True,5363,2005-01-03,2026-04-10,0.0,329.0
ROG.SW,Roche Holding AG,True,5363,2005-01-03,2026-04-10,0.0,315.6000061035156
SCHNSCHP.SW,Schindler Group,False,0,,,,
SCMN.SW,Swisscom AG,True,5363,2005-01-03,2026-04-10,0.0,677.5
SDZ.SW,Sandoz,True,629,2023-10-03,2026-04-10,0.0,66.62000274658203
SGSN.SW,SGS SA,True,5363,2005-01-03,2026-04-10,0.0,84.5
SIGN.SW,SIG Group,True,1890,2018-09-28,2026-04-10,0.0,11.9399995803833
SIKA.SW,Sika AG,True,5363,2005-01-03,2026-04-10,0.0,138.5
SLHN.SW,Swiss Life Holding AG,True,5363,2005-01-03,2026-04-10,0.0,906.2000122070312
SOON.SW,Sonova,True,5363,2005-01-03,2026-04-10,0.0,182.6999969482422
SPSN.SW,Swiss Prime Site,True,5363,2005-01-03,2026-04-10,0.0,136.89999389648438
SREN.SW,Swiss Reinsurance Company Ltd,True,5363,2005-01-03,2026-04-10,0.0,134.0
STMN.SW,Straumann,True,5363,2005-01-03,2026-04-10,0.0,84.30000305175781
TECN.SW,Tecan,True,5363,2005-01-03,2026-04-10,0.0,134.89999389648438
TEMN.SW,Temenos Group,True,246,2025-04-14,2026-04-10,0.0,68.9000015258789
UBSG.SW,UBS Group AG,True,5363,2005-01-03,2026-04-10,0.0,32.720001220703125
UHR.SW,Swatch,True,5363,2005-01-03,2026-04-10,0.0,187.5500030517578
VACN.SW,VAT Group AG,True,2510,2016-04-14,2026-04-10,0.0,549.7999877929688
ZURN.SW,Zurich Insurance Group AG,True,5363,2005-01-03,2026-04-10,0.0,546.7999877929688
3IN.L,3i Infrastructure,True,4823,2007-03-08,2026-04-10,0.0,348.0
AAS.L,Aberdeen Asia Focus,True,5382,2005-01-03,2026-04-10,0.0,402.0
ABDN.L,Aberdeen Group,True,4992,2006-07-10,2026-04-10,0.0,200.6999969482422
AEP.L,AEP Plantations,True,5382,2005-01-03,2026-04-10,0.0,1856.0
AGT.L,AVI Global Trust,True,5382,2005-01-03,2026-04-10,0.0,252.5
AIE.L,Ashoka India Equity Investment Trust,True,1961,2018-07-06,2026-04-10,0.0,237.5
AJB.L,AJ Bell,True,1852,2018-12-07,2026-04-10,0.0,520.0
ALFA.L,Alfa Financial Software,True,2242,2017-05-26,2026-04-10,0.0,148.8000030517578
AML.L,Aston Martin Lagonda,True,1899,2018-10-03,2026-04-10,0.0,42.099998474121094
AO.L,AO World,True,3015,2014-05-07,2026-04-10,0.0,95.0
APN.L,Applied Nutrition,True,369,2024-10-24,2026-04-10,0.0,224.0
ASHM.L,Ashmore Group,True,4925,2006-10-12,2026-04-10,0.0,218.60000610351562
ASL.L,Aberforth Smaller Companies Trust,True,5382,2005-01-03,2026-04-10,0.0,1514.0
ATR.L,Schroder Asian Total Return Investment Company,True,5382,2005-01-03,2026-04-10,0.0,592.0
ATT.L,Allianz Technology Trust,True,5382,2005-01-03,2026-04-10,0.0,568.0
ATYM.L,Atalaya Mining,True,5292,2005-05-09,2026-04-10,0.0,794.0
AVON.L,Avon Technologies,True,5382,2005-01-03,2026-04-10,0.0,1732.0
BAG.L,A.G. Barr,True,5382,2005-01-03,2026-04-10,0.0,645.5
BBY.L,Balfour Beatty,True,5382,2005-01-03,2026-04-10,0.0,823.5
BCG.L,Baltic Classifieds,True,1207,2021-06-30,2026-04-10,0.0,197.0
BGFD.L,Baillie Gifford Japan Trust,True,5382,2005-01-03,2026-04-10,0.0,874.0
BHMG.L,BH Macro,True,4822,2007-03-09,2026-04-10,0.0,411.0
BME.L,B&M,True,2989,2014-06-12,2026-04-10,0.0,174.5
BNKR.L,Bankers Investment Trust,True,5382,2005-01-03,2026-04-10,0.0,136.1999969482422
BOWL.L,Hollywood Bowl Group,True,2413,2016-09-21,2026-04-10,0.0,263.0
BOY.L,Bodycote,True,5382,2005-01-03,2026-04-10,0.0,691.0
BPCR.L,Biopharma Credit,True,2283,2017-03-27,2026-04-10,0.0,0.9399999976158142
BPT.L,Bridgepoint Group,True,1192,2021-07-21,2026-04-10,0.0,240.39999389648438
BREE.L,Breedon Group,True,4505,2008-06-12,2026-04-10,0.0,319.20001220703125
BRGE.L,BlackRock Greater Europe Investment Trust,True,5382,2005-01-03,2026-04-10,0.0,561.0
BRSC.L,BlackRock Smaller Companies Trust,True,5382,2005-01-03,2026-04-10,0.0,1272.0
BRWM.L,BlackRock World Mining Trust,True,5382,2005-01-03,2026-04-10,0.0,992.0
BSIF.L,Bluefield Solar Income Fund,True,3221,2013-07-12,2026-04-10,0.0,85.0
BUT.L,Brunner Investment Trust,True,5382,2005-01-03,2026-04-10,0.0,1450.0
BWY.L,Bellway,True,5382,2005-01-03,2026-04-10,0.0,1983.0
BYG.L,Big Yellow Group,True,5382,2005-01-03,2026-04-10,0.0,892.0
BYIT.L,Bytes Technology Group,True,1342,2020-12-11,2026-04-10,0.0,284.0
CBG.L,Close Brothers Group,True,5381,2005-01-03,2026-04-10,0.0,413.3999938964844
CCC.L,Computacenter,True,5382,2005-01-03,2026-04-10,0.0,3086.0
CCL.L,Carnival Corporation & plc,True,5382,2005-01-03,2026-04-10,0.0,2061.0
CCR.L,C&C Group,True,5382,2005-01-03,2026-04-10,0.0,123.0
CGT.L,Capital Gearing Trust,True,5382,2005-01-03,2026-04-10,0.0,5050.0
CHG.L,Chemring Group,True,5382,2005-01-03,2026-04-10,0.0,546.0
CHRY.L,Chrysalis Investments,True,1875,2018-11-06,2026-04-10,0.0,84.5999984741211
CKN.L,Clarkson,True,5382,2005-01-03,2026-04-10,0.0,4758.0
CLDN.L,Caledonia Investments,True,5382,2005-01-03,2026-04-10,0.0,339.0
CMCX.L,CMC Markets,True,2571,2016-02-05,2026-04-10,0.0,375.5
COA.L,Coats Group,True,5382,2005-01-03,2026-04-10,0.0,83.9000015258789
COST.L,Costain Group,True,5382,2005-01-03,2026-04-10,0.0,199.60000610351562
CSN.L,Chesnara,True,5382,2005-01-03,2026-04-10,0.0,292.0
CTY.L,City of London Investment Trust,True,5382,2005-01-03,2026-04-10,0.0,570.0
CURY.L,Currys,True,4174,2009-10-01,2026-04-10,0.0,136.0
CVSG.L,CVS Group,True,4674,2007-10-10,2026-04-10,0.0,1175.0
CWK.L,Cranswick,True,5382,2005-01-03,2026-04-10,0.0,5400.0
CWR.L,Ceres Power,True,5382,2005-01-03,2026-04-10,0.0,307.0
DLN.L,Derwent London,True,5382,2005-01-03,2026-04-10,0.0,1646.0
DNLM.L,Dunelm Group,True,4920,2006-10-19,2026-04-10,0.0,841.5
DOCS.L,Dr. Martens,True,1311,2021-01-29,2026-04-10,0.0,65.19999694824219
DOM.L,Domino's Pizza,True,5382,2005-01-03,2026-04-10,0.0,180.10000610351562
DRX.L,Drax Group,True,5134,2005-12-15,2026-04-10,0.0,885.0
DSCV.L,discoverIE,True,5382,2005-01-03,2026-04-10,0.0,578.0
EDIN.L,Edinburgh Investment Trust,True,5382,2005-01-03,2026-04-10,0.0,805.0
ELM.L,Elementis,True,5382,2005-01-03,2026-04-10,0.0,161.1999969482422
EMG.L,Man Group,True,5382,2005-01-03,2026-04-10,0.0,249.0
ENOG.L,Energean,True,2037,2018-03-16,2026-04-10,0.0,864.0
ESCT.L,European Smaller Companies Trust,True,5382,2005-01-03,2026-04-10,0.0,217.0
EWG.L,W. A. G. Payment Solutions,True,1136,2021-10-08,2026-04-10,0.0,115.5999984741211
EWI.L,Edinburgh Worldwide Investment Trust,True,5382,2005-01-03,2026-04-10,0.0,227.5
EZJ.L,EasyJet,True,5382,2005-01-03,2026-04-10,0.0,386.20001220703125
FAN.L,Volution Group,True,2986,2014-06-18,2026-04-10,0.0,630.0
FCH.L,Funding Circle,True,1900,2018-10-02,2026-04-10,0.0,141.39999389648438
FCSS.L,Fidelity China Special Situations,True,4037,2010-04-19,2026-04-10,0.0,290.0
FEML.L,Fidelity Emerging Markets,True,5382,2005-01-03,2026-04-10,0.0,1254.0
FEV.L,Fidelity European Trust,True,5382,2005-01-03,2026-04-10,0.0,403.5
FGEN.L,Foresight Environmental Infrastructure,True,3039,2014-03-31,2026-04-10,0.0,72.0
FGP.L,FirstGroup,True,5382,2005-01-03,2026-04-10,0.0,174.3000030517578
FGT.L,Finsbury Growth & Income Trust,True,5382,2005-01-03,2026-04-10,0.0,732.0
FOUR.L,4imprint,True,5382,2005-01-03,2026-04-10,0.0,3638.0
FRAS.L,Frasers Group,True,5382,2005-01-03,2026-04-10,0.0,672.5
FSG.L,Foresight Group,True,1307,2021-02-04,2026-04-10,0.0,383.0
FSV.L,Fidelity Special Values,True,5382,2005-01-03,2026-04-10,0.0,424.5
GAMA.L,Gamma Communications,True,2905,2014-10-10,2026-04-10,0.0,826.2000122070312
GBG.L,GB Group,True,5382,2005-01-03,2026-04-10,0.0,187.60000610351562
GCP.L,GCP Infrastructure Investments,True,3971,2010-07-22,2026-04-10,0.0,75.4000015258789
GDWN.L,Goodwin,True,5382,2005-01-03,2026-04-10,0.0,12740.0
GEN.L,Genuit Group,True,3030,2014-04-11,2026-04-10,0.0,302.0
GFRD.L,Galliford Try,True,5382,2005-01-03,2026-04-10,0.0,520.0
GFTU.L,Grafton Group,True,5381,2005-01-03,2026-04-10,0.0,918.2000122070312
GNC.L,Greencore,True,5382,2005-01-03,2026-04-10,0.0,252.60000610351562
GNS.L,Genus,True,5382,2005-01-03,2026-04-10,0.0,2576.0
GPE.L,Great Portland Estates,True,5382,2005-01-03,2026-04-10,0.0,307.79998779296875
GRG.L,Greggs,True,5382,2005-01-03,2026-04-10,0.0,1613.5
GRI.L,Grainger,True,5382,2005-01-03,2026-04-10,0.0,171.1999969482422
GROW.L,Molten Ventures,True,2482,2016-06-15,2026-04-10,0.0,483.6000061035156
GSCT.L,Global Smaller Companies Trust,True,5382,2005-01-03,2026-04-10,0.0,185.39999389648438
HAS.L,Hays,True,5382,2005-01-03,2026-04-10,0.0,30.260000228881836
HBR.L,Harbour Energy,True,1267,2021-04-01,2026-04-10,0.0,277.6000061035156
HFEL.L,Henderson Far East Income,True,5382,2005-01-03,2026-04-10,0.0,255.0
HFG.L,Hilton Food Group,True,4862,2007-01-11,2026-04-10,0.0,530.0
HGT.L,Hg Capital Trust,True,5382,2005-01-03,2026-04-10,0.0,369.0
HICL.L,HICL Infrastructure Company,True,5062,2006-03-28,2026-04-10,0.0,122.4000015258789
HIK.L,Hikma Pharmaceuticals,True,5166,2005-11-01,2026-04-10,0.0,1322.0
HILS.L,Hill & Smith,True,5382,2005-01-03,2026-04-10,0.0,2320.0
HMSO.L,Hammerson,True,5382,2005-01-03,2026-04-10,0.0,316.0
HOC.L,Hochschild Mining,True,4909,2006-11-03,2026-04-10,0.0,652.0
HRI.L,Herald Investment Trust,True,5382,2005-01-03,2026-04-10,0.0,2615.0
HSL.L,Henderson Smaller Companies Investment Trust,True,5382,2005-01-03,2026-04-10,0.0,851.0
HTG.L,Hunting,True,5382,2005-01-03,2026-04-10,0.0,489.5
HTWS.L,Helios Towers,True,1638,2019-10-15,2026-04-10,0.0,197.89999389648438
HVPE.L,HarbourVest Global Private Equity,True,3988,2010-06-29,2026-04-10,0.0,3050.0
HWG.L,Harworth Group,True,5382,2005-01-03,2026-04-10,0.0,147.1999969482422
IAD.L,Invesco Asia Dragon Trust,True,5382,2005-01-03,2026-04-10,0.0,430.5
IBST.L,Ibstock,True,2644,2015-10-22,2026-04-10,0.0,108.80000305175781
ICGT.L,ICG Enterprise Trust,True,5382,2005-01-03,2026-04-10,0.0,1346.0
IEM.L,Impax Environmental Markets,True,5382,2005-01-03,2026-04-10,0.0,441.5
IHP.L,IntegraFin Holdings,True,2050,2018-02-27,2026-04-10,0.0,319.5
INCH.L,Inchcape,True,5382,2005-01-03,2026-04-10,0.0,792.7999877929688
INPP.L,International Public Partnerships,True,4906,2006-11-08,2026-04-10,0.0,128.60000610351562
INVP.L,Investec,True,5382,2005-01-03,2026-04-10,0.0,633.0
IPF.L,International Personal Finance,True,4735,2007-07-16,2026-04-10,0.0,246.0
IPO.L,IP Group,True,5382,2005-01-03,2026-04-10,0.0,54.70000076293945
ITH.L,Ithaca Energy,True,863,2022-11-09,2026-04-10,0.0,248.0
ITV.L,ITV,True,5382,2005-01-03,2026-04-10,0.0,76.9000015258789
IWG.L,International Workplace Group,True,5382,2005-01-03,2026-04-10,0.0,184.10000610351562
JAM.L,JPMorgan American Investment Trust,True,5382,2005-01-03,2026-04-10,0.0,1118.0
JDW.L,Wetherspoon (J D),True,5382,2005-01-03,2026-04-10,0.0,629.0
JEDT.L,JPMorgan European Discovery,True,5382,2005-01-03,2026-04-10,0.0,618.0
JEGI.L,JPMorgan European Growth & Income,True,5382,2005-01-03,2026-04-10,0.0,144.0
JEMI.L,JPMorgan Emerging Markets Dividend Income,True,3966,2010-07-29,2026-04-10,0.0,185.0
JFJ.L,JPMorgan Japanese Investment Trust,True,5382,2005-01-03,2026-04-10,0.0,745.0
JGGI.L,JPMorgan Global Growth & Income,True,5382,2005-01-03,2026-04-10,0.0,570.0
JII.L,JPMorgan India Growth & Income,True,5382,2005-01-03,2026-04-10,0.0,858.0
JMAT.L,Johnson Matthey,True,5382,2005-01-03,2026-04-10,0.0,2032.0
JMG.L,JPMorgan Emerging Markets Growth & Income,True,5382,2005-01-03,2026-04-10,0.0,150.1999969482422
JSG.L,Johnson Service Group,True,5382,2005-01-03,2026-04-10,0.0,134.1999969482422
JTC.L,JTC,True,2039,2018-03-14,2026-04-10,0.0,1312.0
JUP.L,Jupiter Fund Management,True,3997,2010-06-16,2026-04-10,0.0,157.60000610351562
KIE.L,Kier Group,True,5382,2005-01-03,2026-04-10,0.0,209.0
KLR.L,Keller Group,True,5382,2005-01-03,2026-04-10,0.0,2144.0
KNOS.L,Kainos,True,2717,2015-07-10,2026-04-10,0.0,753.5
LRE.L,Lancashire Holdings,True,5136,2005-12-13,2026-04-10,0.0,602.0
LWDB.L,Law Debenture,True,5382,2005-01-03,2026-04-10,0.0,1126.0
MAB.L,Mitchells & Butlers,True,5382,2005-01-03,2026-04-10,0.0,267.5
MEGP.L,ME Group International,True,5382,2005-01-03,2026-04-10,0.0,144.8000030517578
MGAM.L,Morgan Advanced Materials,True,5382,2005-01-03,2026-04-10,0.0,213.5
MGGT.L,Meggitt,False,0,,,,
MGNS.L,Morgan Sindall Group,True,5382,2005-01-03,2026-04-10,0.0,4478.0
MNKS.L,Monks Investment Trust,True,5382,2005-01-03,2026-04-10,0.0,1486.0
MNTN.L,Schiehallion Fund,True,1777,2019-03-27,2026-04-10,0.0,1.899999976158142
MONY.L,MONY Group,True,4727,2007-07-26,2026-04-10,0.0,162.0
MOON.L,Moonpig,True,1309,2021-02-02,2026-04-10,0.0,218.39999389648438
MRC.L,Mercantile Investment Trust,True,5382,2005-01-03,2026-04-10,0.0,255.0
MRCH.L,Merchants Trust,True,5382,2005-01-03,2026-04-10,0.0,619.0
MSLH.L,Marshalls,True,5382,2005-01-03,2026-04-10,0.0,145.6999969482422
MTO.L,Mitie,True,5382,2005-01-03,2026-04-10,0.0,182.5
MTRO.L,Metro Bank,True,2550,2016-03-07,2026-04-10,0.0,137.8000030517578
MUT.L,Murray Income Trust,True,5382,2005-01-03,2026-04-10,0.0,946.0
MYI.L,Murray International Trust,True,5382,2005-01-03,2026-04-10,0.0,352.0
N91.L,Ninety One,True,1532,2020-03-16,2026-04-10,0.0,214.8000030517578
NAS.L,North Atlantic Smaller Companies Investment Trust,True,5382,2005-01-03,2026-04-10,0.0,349.0
NBPE.L,NB Private Equity Partners,True,4240,2009-06-30,2026-04-10,0.0,1398.0
NCC.L,NCC Group,True,5382,2005-01-03,2026-04-10,0.0,116.19999694824219
OCDO.L,Ocado Group,True,3972,2010-07-21,2026-04-10,0.0,187.60000610351562
OCI.L,Oakley Capital Investments,True,4722,2007-08-02,2026-04-10,0.0,500.0
ONT.L,Oxford Nanopore Technologies,True,1142,2021-09-30,2026-04-10,0.0,108.5
OSB.L,OSB Group,True,2995,2014-06-05,2026-04-10,0.0,545.5
OXB.L,Oxford Biomedica,True,5382,2005-01-03,2026-04-10,0.0,566.0
OXIG.L,Oxford Instruments,True,5382,2005-01-03,2026-04-10,0.0,2642.0
PAF.L,Pan African Resources,True,5382,2005-01-03,2026-04-10,0.0,157.94000244140625
PAG.L,Paragon Banking Group,True,5382,2005-01-03,2026-04-10,0.0,781.5
PAGE.L,PageGroup,True,5382,2005-01-03,2026-04-10,0.0,135.39999389648438
PCGH.L,Polar Capital Global Healthcare Trust,True,3998,2010-06-15,2026-04-10,0.0,391.0
PETS.L,Pets at Home,True,3052,2014-03-12,2026-04-10,0.0,188.5
PEY.L,Partners Group Private Equity,True,4882,2006-12-12,2026-04-10,0.0,8.600000381469727
PFD.L,Premier Foods,True,5382,2005-01-03,2026-04-10,0.0,195.8000030517578
PHI.L,Pacific Horizon Investment Trust,True,5382,2005-01-03,2026-04-10,0.0,934.0
PHP.L,Primary Health Properties,True,5382,2005-01-03,2026-04-10,0.0,95.0999984741211
PIN.L,Pantheon International,True,5382,2005-01-03,2026-04-10,0.0,368.0
PINT.L,Pantheon Infrastructure,True,1109,2021-11-16,2026-04-10,0.0,112.0
PLUS.L,Plus500,True,3213,2013-07-24,2026-04-10,0.0,4194.0
PNL.L,Personal Assets Trust,True,5382,2005-01-03,2026-04-10,0.0,537.0
PNN.L,Pennon Group,True,5382,2005-01-03,2026-04-10,0.0,568.0
POLN.L,Pollen Street Group,True,2600,2015-12-23,2026-04-10,0.0,837.0
PPET.L,Patria Private Equity Trust,True,5382,2005-01-03,2026-04-10,0.0,578.0
PPH.L,PPHE Hotel Group,True,5382,2005-01-03,2026-04-10,0.0,1696.0
PRN.L,Princes Group,True,111,2025-10-31,2026-04-10,0.0,377.6000061035156
PTEC.L,Playtech,True,5062,2006-03-28,2026-04-10,0.0,381.6000061035156
QLT.L,Quilter,True,1970,2018-06-25,2026-04-10,0.0,184.10000610351562
QQ.L,Qinetiq,True,5094,2006-02-10,2026-04-10,0.0,477.1000061035156
RAT.L,Rathbones,True,5382,2005-01-03,2026-04-10,0.0,2065.0
RCP.L,RIT Capital Partners,True,5382,2005-01-03,2026-04-10,0.0,2145.0
RHIM.L,RHI Magnesita,True,2134,2017-10-27,2026-04-10,0.0,2645.0
RICA.L,Ruffer Investment Company,True,5382,2005-01-03,2026-04-10,0.0,310.0
RNK.L,Rank Group,True,5382,2005-01-03,2026-04-10,0.0,91.0
ROR.L,Rotork,True,5382,2005-01-03,2026-04-10,0.0,335.79998779296875
RPI.L,Raspberry Pi Holdings,True,465,2024-06-11,2026-04-10,0.0,502.5
RS1.L,RS Group,True,5382,2005-01-03,2026-04-10,0.0,588.0
RSW.L,Renishaw,True,5382,2005-01-03,2026-04-10,0.0,3776.0
RTW.L,RTW Biotech Opportunities,True,1628,2019-10-23,2026-04-10,0.0,2.0999999046325684
SAFE.L,Safestore,True,4822,2007-03-09,2026-04-10,0.0,689.5
SAGA.L,Saga,True,3003,2014-05-23,2026-04-10,0.0,551.0
SAIN.L,Scottish American Investment Company,True,5382,2005-01-03,2026-04-10,0.0,509.0
SCT.L,Softcat,True,2628,2015-11-13,2026-04-10,0.0,1202.0
SDP.L,Schroder AsiaPacific Fund,True,5382,2005-01-03,2026-04-10,0.0,706.0
SEIT.L,SDCL Energy Efficiency Income Trust,True,1850,2018-12-11,2026-04-10,0.0,42.0
SEQI.L,Sequoia Economic Infrastructure Income Fund,True,2806,2015-03-03,2026-04-10,0.0,77.80000305175781
SHAW.L,Shawbrook Bank,True,112,2025-10-30,2026-04-10,0.0,359.0
SHC.L,Shaftesbury Capital,True,4658,2007-11-01,2026-04-10,0.0,136.8000030517578
SMWH.L,W H Smith,True,5382,2005-01-03,2026-04-10,0.0,608.5
SNR.L,Senior,True,5382,2005-01-03,2026-04-10,0.0,288.0
SOI.L,Schroder Oriental Income Fund,True,5234,2005-07-28,2026-04-10,0.0,383.0
SPI.L,Spire Healthcare,True,2964,2014-07-18,2026-04-10,0.0,152.39999389648438
SRE.L,Sirius Real Estate,True,5382,2005-01-03,2026-04-10,0.0,99.5
SRP.L,Serco,True,5382,2005-01-03,2026-04-10,0.0,297.0
SSPG.L,SSP Group,True,2970,2014-07-10,2026-04-10,0.0,190.3000030517578
SUPR.L,Supermarket Income REIT,True,2204,2017-06-20,2026-04-10,0.0,82.44999694824219
SVS.L,Savills,True,5382,2005-01-03,2026-04-10,0.0,819.0
SYNC.L,Syncona,True,3399,2012-10-26,2026-04-10,0.0,86.9000015258789
TATE.L,Tate & Lyle,True,5382,2005-01-03,2026-04-10,0.0,359.29998779296875
TBCG.L,TBC Bank,True,2442,2016-08-10,2026-04-10,0.0,4716.0
TCAP.L,TP ICAP,True,5382,2005-01-03,2026-04-10,0.0,289.79998779296875
TEM.L,Templeton Emerging Markets Investment Trust,True,5382,2005-01-03,2026-04-10,0.0,268.0
TEP.L,Telecom Plus,True,5382,2005-01-03,2026-04-10,0.0,1366.0
TFIF.L,Twentyfour Income Fund,True,3309,2013-03-06,2026-04-10,0.0,111.4000015258789
THG.L,THG,True,1405,2020-09-16,2026-04-10,0.0,31.360000610351562
THRG.L,BlackRock Throgmorton Trust,True,5382,2005-01-03,2026-04-10,0.0,552.0
THRL.L,Target Healthcare REIT,True,3308,2013-03-07,2026-04-10,0.0,105.5999984741211
TMPL.L,Temple Bar Investment Trust,True,5382,2005-01-03,2026-04-10,0.0,392.0
TPK.L,Travis Perkins,True,5382,2005-01-03,2026-04-10,0.0,578.5
TRIG.L,The Renewables Infrastructure Group,True,3210,2013-07-29,2026-04-10,0.0,68.94999694824219
TRN.L,Trainline,True,1719,2019-06-21,2026-04-10,0.0,236.60000610351562
TRST.L,Trustpilot,True,1274,2021-03-23,2026-04-10,0.0,226.0
TRY.L,TR Property Investment Trust,True,5382,2005-01-03,2026-04-10,0.0,321.5
TW.L,Taylor Wimpey,True,5382,2005-01-03,2026-04-10,0.0,86.0999984741211
UEM.L,Utilico Emerging Markets,True,5240,2005-07-20,2026-04-10,0.0,290.0
UKW.L,Greencoat UK Wind,True,3295,2013-02-14,2026-04-10,0.0,105.30000305175781
USA.L,Baillie Gifford US Growth Trust,True,2032,2018-03-23,2026-04-10,0.0,298.5
UTG.L,Unite Group,True,5382,2005-01-03,2026-04-10,0.0,461.6000061035156
VCT.L,Victrex,True,5382,2005-01-03,2026-04-10,0.0,620.0
VEIL.L,Vietnam Enterprise Investments,True,2468,2016-07-05,2026-04-10,0.0,744.0
VOF.L,VinaCapital Vietnam Opportunity Fund,True,5382,2005-01-03,2026-04-10,0.0,475.0
VSVS.L,Vesuvius,True,5382,2005-01-03,2026-04-10,0.0,433.3999938964844
VTY.L,Vistry Group,True,5382,2005-01-03,2026-04-10,0.0,339.79998779296875
WIX.L,Wickes,True,1250,2021-04-28,2026-04-10,0.0,228.0
WIZZ.L,Wizz Air,True,2810,2015-02-25,2026-04-10,0.0,992.5
WKP.L,Workspace Group,True,5382,2005-01-03,2026-04-10,0.0,376.6000061035156
WOSG.L,Watches of Switzerland,True,1735,2019-05-30,2026-04-10,0.0,503.0
WPP.L,WPP,True,5381,2005-01-03,2026-04-10,0.0,250.25
WWH.L,Worldwide Healthcare Trust,True,5382,2005-01-03,2026-04-10,0.0,343.5
XPS.L,XPS Pensions,True,2310,2017-02-16,2026-04-10,0.0,303.0
ZIG.L,Zigup,True,5382,2005-01-03,2026-04-10,0.0,402.5
